id,address_id,users_id,date_of_creation,business_name,full_name,phone_number,email,business_description,technical_ressource_phone_number,technical_ressource_email,created_at,updated_at
1,1,207,29/8/2018,Innojam,Emalia Ginley,8444958549,eginley0@woothemes.com,I dont know,7186348279,eginley0@china.com.cn,3/14/2016,3/8/2019
2,2,97,6/6/2016,LiveZ,Aurelia Lightewood,7573242098,alightewood1@dmoz.org,This is a beautiful description,2611659132,alightewood1@google.cn,12/3/2017,2/24/2019
3,3,210,24/2/2018,Quamba,Joanne Dowry,3759892836,jdowry2@google.ca,Dont have time for this.,3898110888,jdowry2@php.net,2/28/2018,2/16/2019
4,4,216,14/5/2017,Aimbu,Kain Pohl,4312962584,kpohl3@360.cn,Dont have time for this.,6051191792,kpohl3@last.fm,8/4/2018,2/15/2019
5,5,103,2/10/2018,Edgewire,Davita Darrel,7359363655,ddarrel4@printfriendly.com,Good description says nothing,7372903031,ddarrel4@google.es,12/24/2016,2/22/2019
6,6,105,17/8/2018,Skiptube,Caryl Gorch,8533548370,cgorch5@bluehost.com,Not,2494026905,cgorch5@ocn.ne.jp,9/12/2017,2/25/2019
7,7,385,19/3/2016,Yakijo,Timmi Nichols,2056730108,tnichols6@webeden.co.uk,I dont know,2976056039,tnichols6@usda.gov,10/21/2016,2/15/2019
8,8,81,6/4/2018,Kwimbee,Glenden Kerwood,4924969801,gkerwood7@edublogs.org,Not,2037996057,gkerwood7@zimbio.com,2/6/2018,3/3/2019
9,9,479,8/10/2018,Browsezoom,Eberhard Aitcheson,8745823371,eaitcheson8@nsw.gov.au,Good description says nothing,1784072559,eaitcheson8@pinterest.com,7/9/2018,2/21/2019
10,10,249,10/11/2018,Oodoo,Isacco Hankin,8872224130,ihankin9@cbc.ca,Not,7072365505,ihankin9@ameblo.jp,7/25/2017,2/27/2019
11,11,187,14/4/2018,Teklist,Karina Diess,3225722127,kdiessa@usnews.com,Good description says nothing,8244044789,kdiessa@friendfeed.com,6/22/2016,3/1/2019
12,12,468,25/7/2018,Meejo,Joelle Ashborne,2145516306,jashborneb@dailymotion.com,Dont have time for this.,8057702243,jashborneb@yahoo.co.jp,6/19/2018,2/2/2019
13,13,376,19/7/2017,Blogtags,Findlay Porson,8254944565,fporsonc@noaa.gov,I dont know,2471598908,fporsonc@yale.edu,3/19/2017,3/5/2019
14,14,490,1/8/2017,Demizz,Cullin Proudlock,2524595085,cproudlockd@de.vu,Not,5472662610,cproudlockd@google.co.uk,2/9/2018,3/1/2019
15,15,196,27/3/2017,Thoughtworks,Linus Cokely,5838601773,lcokelye@bbc.co.uk,Good description says nothing,6257878410,lcokelye@guardian.co.uk,8/24/2018,2/5/2019
16,16,211,26/12/2018,Vipe,Wally Okey,4512716965,wokeyf@ucla.edu,I dont know,6993823623,wokeyf@loc.gov,3/18/2018,3/3/2019
17,17,145,30/12/2018,Vinte,Peggy Tattersfield,3105097105,ptattersfieldg@google.com,Good description says nothing,2094029362,ptattersfieldg@kickstarter.com,2/9/2017,2/7/2019
18,18,403,29/4/2018,Dynava,Juan Dinan,7542765158,jdinanh@icio.us,Good description says nothing,8263310575,jdinanh@so-net.ne.jp,4/2/2017,2/8/2019
19,19,290,28/10/2017,Skyba,Janis Sandlin,8891013241,jsandlini@theglobeandmail.com,This is a beautiful description,2738041135,jsandlini@163.com,5/24/2016,2/25/2019
20,20,426,9/7/2018,Skibox,Lulu Dogg,4192922676,ldoggj@imdb.com,Well...,6526817311,ldoggj@boston.com,1/30/2017,2/14/2019
21,21,136,21/8/2016,Skipfire,Derek Ingerfield,6255017948,dingerfieldk@4shared.com,I dont know,6867892060,dingerfieldk@jugem.jp,1/30/2017,2/16/2019
22,22,24,29/5/2017,Nlounge,Jenna Narramore,4741626560,jnarramorel@census.gov,Dont have time for this.,8149527096,jnarramorel@constantcontact.com,1/5/2017,3/11/2019
23,23,91,9/5/2017,Ooba,Gianna Hinchshaw,2916556161,ghinchshawm@scientificamerican.com,Well...,1276554911,ghinchshawm@senate.gov,4/14/2017,3/12/2019
24,24,168,29/11/2018,Jaxbean,Benedetto Callaway,5307494409,bcallawayn@examiner.com,This is a beautiful description,5806751319,bcallawayn@noaa.gov,6/10/2018,3/6/2019
25,25,54,8/9/2017,Topicware,Janelle Jeannel,8602229456,jjeannelo@state.tx.us,Good description says nothing,2734542543,jjeannelo@timesonline.co.uk,10/11/2018,2/12/2019
26,26,331,4/1/2017,Chatterpoint,Stephanus OKerin,4281445567,sokerinp@nhs.uk,Dont have time for this.,8845409417,sokerinp@sohu.com,2/27/2018,3/4/2019
27,27,325,7/4/2018,Eamia,Delbert Pawelec,9543419841,dpawelecq@soup.io,Not,2789975188,dpawelecq@goo.ne.jp,10/10/2017,3/1/2019
28,28,324,20/4/2016,Photobug,Roze Martindale,8076088219,rmartindaler@vimeo.com,Dont have time for this.,7986724925,rmartindaler@simplemachines.org,3/19/2017,3/6/2019
29,29,292,29/5/2017,Browsezoom,Marijn Goldbourn,9037756871,mgoldbourns@bizjournals.com,Good description says nothing,9211654306,mgoldbourns@squidoo.com,5/11/2016,2/19/2019
30,30,406,10/1/2019,Yodoo,Leilah Brayshaw,6918647813,lbrayshawt@ted.com,Good description says nothing,5057661410,lbrayshawt@geocities.com,11/13/2018,3/5/2019
31,31,305,25/9/2018,Meevee,Jules Heilds,6379527626,jheildsu@taobao.com,This is a beautiful description,6446968680,jheildsu@cisco.com,4/7/2016,3/12/2019
32,32,403,20/5/2016,Ntag,Kristan Biers,9755907541,kbiersv@nymag.com,I dont know,3365286298,kbiersv@clickbank.net,5/11/2018,2/17/2019
33,33,236,5/11/2017,Yombu,Christoph Sleith,5659821193,csleithw@ed.gov,I dont know,3656021176,csleithw@linkedin.com,3/27/2016,3/4/2019
34,34,142,30/8/2018,Eamia,Alissa Torrans,3231240539,atorransx@who.int,Not,2467735123,atorransx@deliciousdays.com,4/24/2016,2/6/2019
35,35,169,10/4/2018,Rhycero,Sheppard Folling,1078552965,sfollingy@mtv.com,Not,4579589002,sfollingy@ft.com,6/22/2016,2/15/2019
36,36,418,1/3/2018,Chatterbridge,Phillis Hart,4076319854,phartz@omniture.com,This is a beautiful description,2367195681,phartz@about.com,7/12/2016,3/8/2019
37,37,399,27/5/2017,Wikibox,Annis Dunstall,2202929462,adunstall10@nationalgeographic.com,Not,6447218140,adunstall10@plala.or.jp,10/2/2016,3/10/2019
38,38,415,7/9/2018,Photospace,Davin McHarry,3758369975,dmcharry11@flickr.com,Dont have time for this.,1395818189,dmcharry11@gov.uk,10/20/2017,2/12/2019
39,39,76,20/11/2018,Meezzy,Kiri Creasey,7588546005,kcreasey12@irs.gov,I dont know,3747170425,kcreasey12@addthis.com,4/25/2017,2/27/2019
40,40,365,8/4/2016,Devpoint,Schuyler Humbey,2082198909,shumbey13@vistaprint.com,Well...,4258192411,shumbey13@ihg.com,2/5/2018,2/2/2019
41,41,139,20/11/2017,Skiptube,Zachery Broadhurst,7223648570,zbroadhurst14@upenn.edu,Dont have time for this.,6749134528,zbroadhurst14@hexun.com,5/19/2018,3/1/2019
42,42,124,27/5/2017,Skibox,Butch Mundwell,7008266444,bmundwell15@statcounter.com,This is a beautiful description,1374244028,bmundwell15@vinaora.com,6/20/2018,2/22/2019
43,43,350,1/7/2017,Geba,Jandy Bulmer,1178535434,jbulmer16@uiuc.edu,Dont have time for this.,4098907566,jbulmer16@epa.gov,4/8/2017,2/27/2019
44,44,84,3/7/2018,Edgeblab,Jude Iles,6321961720,jiles17@1688.com,Dont have time for this.,5233785452,jiles17@discuz.net,11/26/2018,3/8/2019
45,45,400,2/6/2017,Muxo,Jeremy Tower,8548525607,jtower18@slate.com,Well...,2336362498,jtower18@squidoo.com,2/24/2017,3/8/2019
46,46,432,24/1/2019,Wordify,Reagen Sturman,3109831283,rsturman19@google.ca,Not,2731256748,rsturman19@mysql.com,11/4/2017,2/21/2019
47,47,193,23/6/2017,Trilia,Hale Allder,4446426626,hallder1a@smh.com.au,This is a beautiful description,6953595556,hallder1a@tumblr.com,9/19/2016,2/2/2019
48,48,34,24/11/2018,Blogtag,Wenonah Trickey,6224269548,wtrickey1b@jimdo.com,Good description says nothing,4463461205,wtrickey1b@alibaba.com,4/25/2016,2/5/2019
49,49,433,6/11/2018,Ailane,Amandi MacCaughey,4949787691,amaccaughey1c@ucoz.com,Not,8031418991,amaccaughey1c@zimbio.com,4/11/2016,2/7/2019
50,50,14,8/5/2016,Skajo,Free Anfusso,3925365633,fanfusso1d@forbes.com,Not,4073227467,fanfusso1d@census.gov,8/22/2016,2/17/2019
51,51,302,18/3/2018,LiveZ,Gabrielle Colam,4238228925,gcolam1e@technorati.com,Well...,5109027209,gcolam1e@princeton.edu,6/6/2018,2/3/2019
52,52,297,29/6/2018,Kaymbo,Antonina Brunning,2425273901,abrunning1f@topsy.com,Dont have time for this.,4354085114,abrunning1f@hatena.ne.jp,7/12/2017,3/2/2019
53,53,369,6/3/2017,Ailane,Shermie Dermott,3788605540,sdermott1g@sina.com.cn,Not,5043048579,sdermott1g@lulu.com,10/7/2016,2/16/2019
54,54,294,29/10/2016,Skinder,Cleavland Ellwell,1469265345,cellwell1h@disqus.com,Good description says nothing,2202748776,cellwell1h@istockphoto.com,7/14/2017,3/1/2019
55,55,138,11/9/2018,Topicblab,Ira Cardnell,2506037316,icardnell1i@zdnet.com,Good description says nothing,2787838957,icardnell1i@discovery.com,7/30/2016,3/1/2019
56,56,437,17/10/2016,Pixonyx,Lanie Sterre,4985963180,lsterre1j@sun.com,Well...,2376889444,lsterre1j@digg.com,3/27/2018,3/9/2019
57,57,76,22/3/2018,Photofeed,Keane Pigden,3897237310,kpigden1k@technorati.com,Dont have time for this.,2939149116,kpigden1k@tripadvisor.com,9/5/2017,2/8/2019
58,58,345,11/11/2018,Reallinks,Lorinda Puddin,6399527678,lpuddin1l@nsw.gov.au,Not,2734130866,lpuddin1l@vinaora.com,11/16/2017,3/11/2019
59,59,432,18/6/2016,Lazzy,Fletch Clampe,4151333532,fclampe1m@theglobeandmail.com,Dont have time for this.,7215723706,fclampe1m@seesaa.net,12/31/2017,2/14/2019
60,60,439,28/8/2018,Quire,Maurizio Craker,4812343399,mcraker1n@home.pl,This is a beautiful description,4299880973,mcraker1n@nih.gov,12/21/2016,2/18/2019
61,61,234,11/4/2017,Bubblemix,Hilliary Scoullar,7133302080,hscoullar1o@clickbank.net,Not,8148595929,hscoullar1o@ft.com,2/4/2018,2/12/2019
62,62,38,23/2/2019,Jabberbean,Batholomew Jefferson,9197976506,bjefferson1p@people.com.cn,Good description says nothing,6613639409,bjefferson1p@nba.com,12/26/2018,2/27/2019
63,63,186,29/10/2018,Buzzster,Phylis Chamberlen,2707738385,pchamberlen1q@joomla.org,Not,8655964904,pchamberlen1q@ustream.tv,5/30/2016,3/7/2019
64,64,253,4/7/2018,Pixoboo,Judy Noyce,7978784877,jnoyce1r@vimeo.com,Not,5857781019,jnoyce1r@reverbnation.com,10/11/2018,2/28/2019
65,65,154,17/2/2018,Topicshots,Addison Timmons,1119237930,atimmons1s@digg.com,I dont know,2228492215,atimmons1s@homestead.com,8/7/2018,2/16/2019
66,66,427,13/3/2016,Yotz,Deana Domenichelli,8475633692,ddomenichelli1t@census.gov,Good description says nothing,1979226394,ddomenichelli1t@com.com,7/25/2018,3/1/2019
67,67,202,30/3/2017,Jetpulse,Sioux Yoslowitz,3937036715,syoslowitz1u@slideshare.net,Well...,4764081118,syoslowitz1u@mac.com,8/22/2018,2/22/2019
68,68,173,19/10/2017,Gigaclub,Iorgos Izac,7041367695,iizac1v@aboutads.info,Dont have time for this.,2488188714,iizac1v@twitter.com,4/16/2017,2/5/2019
69,69,61,28/4/2016,Brainsphere,Dawna Drury,5549297631,ddrury1w@alexa.com,Dont have time for this.,6769250539,ddrury1w@forbes.com,5/14/2018,3/8/2019
70,70,174,14/4/2016,Wordify,Binni Van Oord,3158002211,bvan1x@google.com.br,I dont know,7593211879,bvan1x@ucla.edu,4/13/2016,2/12/2019
71,71,390,2/4/2018,Dabtype,Arnaldo Hazzard,3639813662,ahazzard1y@w3.org,Good description says nothing,1975384608,ahazzard1y@zimbio.com,10/14/2018,3/2/2019
72,72,108,2/3/2018,Yambee,Roseanna Nawton,7993244063,rnawton1z@ca.gov,Not,5535095893,rnawton1z@shinystat.com,10/16/2018,2/28/2019
73,73,226,8/7/2016,Rooxo,Harley Scamaden,2125392062,hscamaden20@prweb.com,Good description says nothing,6021976718,hscamaden20@over-blog.com,12/23/2018,2/12/2019
74,74,58,4/8/2016,Camimbo,Goddart Mumbray,1811425925,gmumbray21@cbslocal.com,Well...,4505374520,gmumbray21@omniture.com,11/16/2016,2/13/2019
75,75,52,6/2/2018,Vipe,Egon Nutter,6804607159,enutter22@miitbeian.gov.cn,Well...,9296387074,enutter22@typepad.com,4/7/2018,3/12/2019
76,76,94,4/3/2019,Meejo,Riva Ridett,7246011281,rridett23@nymag.com,Dont have time for this.,4105973563,rridett23@twitter.com,8/9/2017,3/11/2019
77,77,98,28/10/2017,Zooveo,Erica Robinett,7005842128,erobinett24@stanford.edu,This is a beautiful description,8197899664,erobinett24@shinystat.com,4/10/2017,2/14/2019
78,78,179,9/10/2018,Feednation,Laughton Coulthurst,3584259546,lcoulthurst25@so-net.ne.jp,Good description says nothing,5147571890,lcoulthurst25@taobao.com,4/12/2017,2/25/2019
79,79,106,27/7/2018,Meedoo,Conrado Lattie,3891352110,clattie26@google.ca,Not,4317969443,clattie26@baidu.com,11/2/2017,2/4/2019
80,80,14,4/7/2018,Eimbee,Danny MacLeese,7689099064,dmacleese27@canalblog.com,I dont know,8793016718,dmacleese27@sogou.com,3/24/2018,2/1/2019
81,81,364,3/9/2016,Jabbertype,Bernhard Bresman,3928883488,bbresman28@princeton.edu,Well...,2237443119,bbresman28@reddit.com,4/28/2017,2/22/2019
82,82,130,2/12/2018,Zooxo,Madelin Teml,2379788354,mteml29@bravesites.com,Dont have time for this.,3168992451,mteml29@shareasale.com,9/1/2016,2/23/2019
83,83,342,8/10/2018,Quatz,Rozella Swinglehurst,8784064754,rswinglehurst2a@1und1.de,Well...,2849233695,rswinglehurst2a@tinyurl.com,1/31/2018,3/10/2019
84,84,120,15/7/2018,Bubblemix,Jessalin Martine,6356913655,jmartine2b@edublogs.org,Good description says nothing,5894583018,jmartine2b@altervista.org,8/5/2017,2/25/2019
85,85,465,14/11/2016,Linklinks,Buddie Desson,5142337285,bdesson2c@hud.gov,I dont know,1679074724,bdesson2c@aboutads.info,8/2/2018,2/14/2019
86,86,309,27/12/2016,Edgeify,Emanuele Blonden,6452029935,eblonden2d@comcast.net,Well...,7689165077,eblonden2d@columbia.edu,4/29/2016,2/24/2019
87,87,488,19/10/2018,Twitterworks,Charline Figgen,1796634361,cfiggen2e@google.cn,Dont have time for this.,2905064735,cfiggen2e@ovh.net,5/28/2017,2/26/2019
88,88,191,5/1/2017,Rhynyx,Erina Kellogg,9541707005,ekellogg2f@princeton.edu,Not,3596015043,ekellogg2f@java.com,8/26/2018,2/4/2019
89,89,469,15/12/2016,Rhyzio,Alleen Petrollo,8243753936,apetrollo2g@pcworld.com,This is a beautiful description,8683350583,apetrollo2g@newyorker.com,3/18/2018,3/10/2019
90,90,48,12/12/2018,Bubblemix,Hewett Barclay,3108214867,hbarclay2h@posterous.com,I dont know,1608494710,hbarclay2h@yellowpages.com,4/6/2016,3/4/2019
91,91,192,2/6/2017,Zoomdog,Gerome Grunnell,2098071819,ggrunnell2i@gizmodo.com,Good description says nothing,2351383143,ggrunnell2i@thetimes.co.uk,9/22/2016,2/14/2019
92,92,371,15/3/2018,Pixonyx,Terrijo Ranklin,5113326841,tranklin2j@4shared.com,Well...,1074270161,tranklin2j@youtu.be,7/6/2018,2/14/2019
93,93,186,5/3/2019,Edgetag,Aube McVane,8182351601,amcvane2k@columbia.edu,Good description says nothing,1491033637,amcvane2k@foxnews.com,10/25/2016,2/14/2019
94,94,235,11/1/2017,Gabcube,Kellsie Davsley,2562468761,kdavsley2l@vistaprint.com,Dont have time for this.,3516464271,kdavsley2l@wufoo.com,11/13/2017,2/20/2019
95,95,312,24/4/2016,Skalith,Jamie Helversen,2007641660,jhelversen2m@dedecms.com,Dont have time for this.,1784914459,jhelversen2m@domainmarket.com,11/14/2017,3/10/2019
96,96,443,6/9/2017,Minyx,Flor Camell,2111725186,fcamell2n@amazon.co.jp,Good description says nothing,5843356258,fcamell2n@unc.edu,9/29/2018,2/19/2019
97,97,86,14/7/2017,Flashset,Blaire Iori,2328263180,biori2o@blogspot.com,Not,5277134034,biori2o@163.com,11/14/2016,3/7/2019
98,98,410,21/8/2017,Dazzlesphere,Amalle Challiner,9833391715,achalliner2p@smugmug.com,Well...,8964811856,achalliner2p@pcworld.com,12/29/2016,2/14/2019
99,99,121,23/12/2018,Flipopia,Cherilyn Follis,7503291305,cfollis2q@utexas.edu,Not,8799968986,cfollis2q@istockphoto.com,5/20/2016,3/8/2019
100,100,14,30/8/2018,Divanoodle,Nanci Corre,1562561069,ncorre2r@latimes.com,This is a beautiful description,7267389731,ncorre2r@imdb.com,9/3/2016,2/9/2019
101,101,72,12/8/2017,Rhyloo,Mandie Roxbee,5137884666,mroxbee2s@salon.com,Dont have time for this.,2047749426,mroxbee2s@psu.edu,9/6/2016,2/28/2019
102,102,450,7/2/2017,Cogidoo,Glen Cains,9584018487,gcains2t@reference.com,Not,6167506805,gcains2t@twitpic.com,7/8/2016,3/9/2019
103,103,295,11/12/2018,Gabcube,Thebault Luggar,9239182920,tluggar2u@bloglines.com,This is a beautiful description,2085817993,tluggar2u@w3.org,9/26/2018,2/8/2019
104,104,60,18/8/2016,Meembee,Timotheus Dancey,8577377629,tdancey2v@nydailynews.com,Not,1968981002,tdancey2v@cloudflare.com,9/28/2018,2/23/2019
105,105,492,1/4/2016,Zoomdog,Harrison Donson,4002610271,hdonson2w@yandex.ru,Dont have time for this.,2143288590,hdonson2w@home.pl,10/28/2017,3/11/2019
106,106,474,5/10/2018,Aimbu,Vilhelmina Mayes,4801946341,vmayes2x@infoseek.co.jp,Well...,9545904140,vmayes2x@vistaprint.com,3/18/2016,2/6/2019
107,107,151,26/10/2016,Photojam,Betti Baylay,9339971206,bbaylay2y@a8.net,Well...,8198956105,bbaylay2y@baidu.com,3/20/2018,2/3/2019
108,108,348,6/8/2018,Dabshots,Malvin Deme,1083892906,mdeme2z@miibeian.gov.cn,Not,6547354334,mdeme2z@yale.edu,3/2/2018,3/4/2019
109,109,273,14/11/2016,Kwideo,Sheena Hatch,7043728931,shatch30@epa.gov,Well...,1778321674,shatch30@feedburner.com,9/9/2017,3/4/2019
110,110,286,16/7/2017,Miboo,Chrissie De Malchar,9694320776,cde31@joomla.org,Good description says nothing,1758039095,cde31@theatlantic.com,6/5/2018,2/27/2019
111,111,103,13/8/2017,Yombu,Coreen Eagling,3648629099,ceagling32@accuweather.com,This is a beautiful description,5014368119,ceagling32@goo.ne.jp,12/1/2018,2/7/2019
112,112,179,10/12/2016,Flashdog,Ertha Prowse,7538258569,eprowse33@seesaa.net,Not,5761114861,eprowse33@fema.gov,11/16/2018,2/2/2019
113,113,173,28/10/2017,Roodel,Janela Gwatkin,5344338816,jgwatkin34@flickr.com,Well...,5887998386,jgwatkin34@mozilla.org,4/29/2018,2/13/2019
114,114,77,5/5/2017,Devpoint,Maressa Wiffen,2398230823,mwiffen35@smugmug.com,I dont know,6815667428,mwiffen35@mit.edu,12/10/2017,2/17/2019
115,115,337,5/6/2017,Lazzy,Jeddy Windaybank,2796533635,jwindaybank36@tripadvisor.com,I dont know,8057839823,jwindaybank36@umn.edu,8/30/2018,3/7/2019
116,116,380,15/3/2018,Youspan,Gideon Barhims,7765596259,gbarhims37@cnet.com,Well...,8136136784,gbarhims37@dyndns.org,11/19/2017,2/4/2019
117,117,95,9/9/2016,Thoughtstorm,Sallee Quinnelly,2582392910,squinnelly38@mayoclinic.com,This is a beautiful description,6096100342,squinnelly38@mail.ru,10/26/2016,2/25/2019
118,118,465,10/11/2017,Tagopia,Carlene Greeveson,7665674853,cgreeveson39@zdnet.com,Well...,3374500285,cgreeveson39@addthis.com,10/14/2018,2/1/2019
119,119,152,12/3/2018,Ooba,Tabbi Sauniere,6695471212,tsauniere3a@t.co,Good description says nothing,7406566371,tsauniere3a@samsung.com,2/1/2018,3/9/2019
120,120,385,14/1/2019,Reallinks,Kaitlynn Youhill,7995513881,kyouhill3b@joomla.org,This is a beautiful description,9379218941,kyouhill3b@about.me,6/24/2016,2/1/2019
121,121,29,26/11/2017,Tanoodle,Heindrick Berens,7751431755,hberens3c@diigo.com,This is a beautiful description,6466423907,hberens3c@nih.gov,5/1/2016,3/9/2019
122,122,250,1/4/2016,Leenti,Christin Willmott,3031668495,cwillmott3d@webs.com,Well...,9554824112,cwillmott3d@upenn.edu,4/30/2017,2/23/2019
123,123,12,28/2/2017,Kwinu,Clarice Thynn,5449491562,cthynn3e@imdb.com,This is a beautiful description,7574536035,cthynn3e@techcrunch.com,2/3/2018,2/15/2019
124,124,236,27/8/2017,Quimba,Conrad Marklew,7738357041,cmarklew3f@mashable.com,Well...,5231664582,cmarklew3f@last.fm,1/7/2018,3/4/2019
125,125,485,13/1/2017,Eimbee,Sallyann Bronot,6247058629,sbronot3g@nasa.gov,Not,9062784487,sbronot3g@moonfruit.com,3/17/2018,2/19/2019
126,126,35,18/10/2018,Skibox,Darlene Larne,1664378585,dlarne3h@ow.ly,Dont have time for this.,7557284087,dlarne3h@wix.com,4/29/2016,2/2/2019
127,127,386,27/10/2017,Plambee,Boote Coolahan,8411447308,bcoolahan3i@pbs.org,Not,8725988169,bcoolahan3i@squidoo.com,11/20/2016,2/13/2019
128,128,474,22/10/2017,Aimbu,Tabb Serjeantson,9849563791,tserjeantson3j@amazonaws.com,Not,9331302543,tserjeantson3j@cnn.com,5/2/2018,2/12/2019
129,129,327,18/5/2017,Geba,Randy Tolussi,5898484107,rtolussi3k@cornell.edu,I dont know,6446553094,rtolussi3k@histats.com,6/20/2016,3/6/2019
130,130,264,18/6/2016,Tazz,Gabi Whiteford,9817407693,gwhiteford3l@answers.com,This is a beautiful description,5565810474,gwhiteford3l@hexun.com,7/17/2017,3/5/2019
131,131,121,23/8/2018,Mymm,Violette Hun,3416846551,vhun3m@oakley.com,This is a beautiful description,4972831633,vhun3m@sakura.ne.jp,1/29/2017,2/20/2019
132,132,232,22/9/2017,Kamba,Claudette Greenhow,4967949546,cgreenhow3n@opera.com,I dont know,9014215090,cgreenhow3n@eepurl.com,10/5/2016,2/17/2019
133,133,68,7/10/2017,Divape,Arne Gleeson,9749819931,agleeson3o@ycombinator.com,Good description says nothing,3402826759,agleeson3o@surveymonkey.com,9/8/2017,3/3/2019
134,134,158,2/3/2019,Pixonyx,Tawnya Basilotta,4641935839,tbasilotta3p@sciencedaily.com,Good description says nothing,5963893364,tbasilotta3p@webmd.com,9/26/2017,2/11/2019
135,135,125,11/12/2016,Centidel,Lindsay Ambrosini,8787159347,lambrosini3q@squidoo.com,Good description says nothing,2854695343,lambrosini3q@typepad.com,4/14/2018,2/6/2019
136,136,236,24/2/2018,Feedspan,Nevil Raynes,5661120831,nraynes3r@sfgate.com,I dont know,2314349240,nraynes3r@yahoo.co.jp,8/21/2016,3/3/2019
137,137,327,21/1/2018,Layo,Troy Seakes,2366700213,tseakes3s@blog.com,I dont know,1049183858,tseakes3s@icq.com,12/23/2017,2/23/2019
138,138,122,14/12/2016,Latz,Farrel Ruprich,5524658456,fruprich3t@amazon.de,Good description says nothing,2911336187,fruprich3t@hugedomains.com,6/14/2018,2/13/2019
139,139,159,28/6/2016,Yakidoo,Glori Biasioni,2356453598,gbiasioni3u@reuters.com,This is a beautiful description,2426349159,gbiasioni3u@odnoklassniki.ru,8/31/2018,2/23/2019
140,140,176,29/10/2018,Brainlounge,Nickolas Adolf,1792094198,nadolf3v@hugedomains.com,This is a beautiful description,2702096813,nadolf3v@sphinn.com,1/14/2017,2/12/2019
141,141,163,9/11/2016,JumpXS,Britte Justun,2918082808,bjustun3w@businessweek.com,Good description says nothing,9879783450,bjustun3w@topsy.com,11/8/2018,2/28/2019
142,142,396,19/1/2019,Quatz,Ailsun Boddice,9681349360,aboddice3x@dedecms.com,Not,8939235353,aboddice3x@spotify.com,9/23/2018,3/9/2019
143,143,428,4/1/2019,Feedbug,Orbadiah Garoghan,6848151217,ogaroghan3y@apache.org,Well...,3942268333,ogaroghan3y@time.com,11/1/2016,3/7/2019
144,144,239,23/5/2017,Rhynoodle,Mair Fideler,4406600933,mfideler3z@europa.eu,Well...,3312787001,mfideler3z@cdc.gov,12/5/2016,2/16/2019
145,145,393,25/1/2017,Kimia,Kittie Klehyn,6085105247,kklehyn40@forbes.com,Good description says nothing,4786071649,kklehyn40@livejournal.com,9/27/2018,3/9/2019
146,146,339,30/7/2017,Browsecat,Roxanna Farrears,2784312603,rfarrears41@gmpg.org,Dont have time for this.,8131180280,rfarrears41@icq.com,11/23/2017,3/6/2019
147,147,111,9/11/2016,Yoveo,Drugi Alster,8302754203,dalster42@chicagotribune.com,Well...,9551560644,dalster42@t-online.de,4/26/2016,2/11/2019
148,148,338,23/5/2017,Edgewire,Oralle Minto,6341908634,ominto43@slideshare.net,Dont have time for this.,1921359434,ominto43@google.es,1/29/2017,2/5/2019
149,149,447,3/8/2017,Vipe,Sidonia Canaan,9527862922,scanaan44@behance.net,I dont know,4152293131,scanaan44@globo.com,6/14/2018,2/11/2019
150,150,191,27/6/2018,Realpoint,Crysta Hanington,8095404945,chanington45@meetup.com,Dont have time for this.,9719228007,chanington45@ibm.com,12/15/2017,2/12/2019
151,151,297,12/3/2019,Gabcube,Orville Madoc-Jones,7825066582,omadocjones46@europa.eu,Well...,2981514392,omadocjones46@about.com,8/24/2016,3/6/2019
152,152,198,6/2/2018,Podcat,Alexine Pendlebury,3749582475,apendlebury47@sogou.com,Not,1143968215,apendlebury47@indiatimes.com,8/11/2017,3/6/2019
153,153,498,3/9/2016,Topicstorm,Anissa Crosson,3753479789,acrosson48@wiley.com,I dont know,2386649220,acrosson48@live.com,1/31/2018,3/3/2019
154,154,256,3/7/2016,Fivechat,Felicity Wessell,7545156557,fwessell49@facebook.com,This is a beautiful description,1296453257,fwessell49@theatlantic.com,11/21/2016,3/12/2019
155,155,16,3/9/2018,Jayo,Waldo Emmanueli,1304482005,wemmanueli4a@indiegogo.com,This is a beautiful description,6324344870,wemmanueli4a@ow.ly,10/26/2018,2/18/2019
156,156,186,11/6/2016,Plajo,Maryjane Lambshine,7853496024,mlambshine4b@time.com,This is a beautiful description,6926869556,mlambshine4b@ucla.edu,6/25/2016,3/11/2019
157,157,135,21/7/2018,Cogidoo,Phillida Wollen,2735614243,pwollen4c@studiopress.com,I dont know,8572699268,pwollen4c@fastcompany.com,4/23/2017,2/16/2019
158,158,79,3/11/2017,Photofeed,Jodie Kelling,8367461150,jkelling4d@constantcontact.com,Not,1321012895,jkelling4d@diigo.com,10/12/2016,2/19/2019
159,159,434,27/5/2016,Dabvine,Esmeralda Cripps,4161116274,ecripps4e@reference.com,Dont have time for this.,2049370066,ecripps4e@cocolog-nifty.com,1/14/2017,2/12/2019
160,160,29,17/7/2018,Youbridge,Audie Northidge,7601025584,anorthidge4f@va.gov,Good description says nothing,3281329013,anorthidge4f@rambler.ru,3/20/2016,2/11/2019
161,161,176,24/10/2018,Centidel,Isobel Menguy,1222102558,imenguy4g@wikia.com,Well...,7099667006,imenguy4g@google.ca,8/18/2017,3/12/2019
162,162,339,1/2/2019,Camimbo,Lorna Dantesia,9501047264,ldantesia4h@state.gov,I dont know,3898184829,ldantesia4h@china.com.cn,3/28/2017,2/21/2019
163,163,103,21/4/2018,Divanoodle,Jobye Beseke,9706947081,jbeseke4i@deliciousdays.com,Good description says nothing,5677010521,jbeseke4i@fema.gov,8/26/2018,2/27/2019
164,164,323,31/8/2016,Abata,Freda De Bruijn,5423861201,fde4j@ed.gov,Good description says nothing,2121653486,fde4j@bloomberg.com,10/14/2018,2/18/2019
165,165,188,26/7/2018,Fivebridge,Bearnard Torald,3233635876,btorald4k@elpais.com,Not,2258179409,btorald4k@dailymail.co.uk,2/7/2018,2/12/2019
166,166,277,29/11/2018,Kaymbo,Clemmy Beecker,6629410156,cbeecker4l@smh.com.au,This is a beautiful description,4745123707,cbeecker4l@nationalgeographic.com,8/9/2018,2/13/2019
167,167,250,29/11/2017,Jaxbean,Emeline Zold,1471642598,ezold4m@odnoklassniki.ru,Not,4231515890,ezold4m@flickr.com,11/27/2016,3/11/2019
168,168,313,21/5/2016,Twitterlist,Joshua Sybbe,4371593847,jsybbe4n@deliciousdays.com,This is a beautiful description,9701301000,jsybbe4n@google.fr,10/11/2016,3/9/2019
169,169,418,20/4/2017,Blogpad,Joyce Kither,9624233811,jkither4o@lycos.com,Well...,3491406994,jkither4o@discuz.net,10/8/2018,2/21/2019
170,170,431,4/7/2017,Centimia,Jermain Millis,3323515114,jmillis4p@purevolume.com,Not,4769176999,jmillis4p@independent.co.uk,12/5/2016,2/8/2019
171,171,382,23/1/2017,Browsecat,Tiler Deetlefs,4748916300,tdeetlefs4q@sfgate.com,I dont know,5375477304,tdeetlefs4q@upenn.edu,3/28/2016,3/10/2019
172,172,145,30/10/2018,Oyonder,Reamonn Juhruke,9354459963,rjuhruke4r@uol.com.br,Dont have time for this.,9224841920,rjuhruke4r@youtu.be,4/5/2016,3/3/2019
173,173,16,22/12/2018,Meezzy,Felipe Tucker,4699001336,ftucker4s@pen.io,Good description says nothing,4234159848,ftucker4s@mapquest.com,8/12/2017,2/27/2019
174,174,500,3/4/2016,Trudoo,Zorana Pedler,7401104137,zpedler4t@hugedomains.com,Dont have time for this.,1383253014,zpedler4t@bizjournals.com,10/23/2018,2/9/2019
175,175,425,8/1/2017,Skippad,Tyrus Wrates,2268065285,twrates4u@instagram.com,Well...,4298383433,twrates4u@answers.com,2/11/2018,2/7/2019
176,176,227,7/9/2018,Reallinks,Wylma Canadas,8956987879,wcanadas4v@parallels.com,Not,9618030344,wcanadas4v@deliciousdays.com,11/3/2017,3/11/2019
177,177,432,26/6/2018,Dynabox,Gladys Coventon,5699786161,gcoventon4w@fda.gov,Good description says nothing,2387002235,gcoventon4w@edublogs.org,9/1/2017,2/1/2019
178,178,442,10/2/2018,Devshare,Tabby Novkovic,8817324980,tnovkovic4x@google.es,This is a beautiful description,4135535324,tnovkovic4x@slate.com,6/26/2017,3/4/2019
179,179,18,6/6/2016,Tagtune,Benjamin Stammer,5664282801,bstammer4y@chron.com,Not,2714446843,bstammer4y@ovh.net,2/14/2018,2/9/2019
180,180,422,16/3/2018,Ntags,Glenden Potticary,2574367628,gpotticary4z@youtube.com,Dont have time for this.,8814934330,gpotticary4z@123-reg.co.uk,3/18/2018,2/28/2019
181,181,106,22/1/2018,Jabbersphere,Cobby Aslum,1124317053,caslum50@51.la,This is a beautiful description,7913992830,caslum50@theglobeandmail.com,12/15/2018,2/11/2019
182,182,91,4/1/2018,Topdrive,Kingsly Harnett,9394269743,kharnett51@biglobe.ne.jp,This is a beautiful description,5043942470,kharnett51@eventbrite.com,4/23/2016,2/25/2019
183,183,362,20/11/2016,Gabtune,Jenda Salack,2202436223,jsalack52@aboutads.info,This is a beautiful description,3439020671,jsalack52@squidoo.com,6/4/2016,3/3/2019
184,184,351,23/2/2019,Gigaclub,Lesli Bartalucci,7423953875,lbartalucci53@yellowbook.com,Well...,3391120893,lbartalucci53@weibo.com,11/9/2017,2/3/2019
185,185,106,23/5/2018,Skimia,Skipton Itskovitz,5148757340,sitskovitz54@businessinsider.com,Dont have time for this.,7691918889,sitskovitz54@alibaba.com,2/4/2018,3/1/2019
186,186,140,20/10/2016,Jamia,Dalia Trotton,1042110321,dtrotton55@go.com,Good description says nothing,3696333243,dtrotton55@furl.net,7/19/2018,2/8/2019
187,187,19,26/5/2018,Browsebug,Armand McEwan,7623303032,amcewan56@ft.com,Well...,6349773853,amcewan56@businessweek.com,7/26/2016,2/22/2019
188,188,347,2/2/2019,Ozu,Wilmer Dowdney,8404784535,wdowdney57@fema.gov,Well...,1126438340,wdowdney57@unesco.org,12/9/2017,2/19/2019
189,189,46,14/1/2019,Zoomdog,Dal Waber,6927193124,dwaber58@wordpress.org,This is a beautiful description,1458764034,dwaber58@sciencedirect.com,4/27/2017,2/2/2019
190,190,40,20/12/2016,Feedfish,Jobyna Baggarley,2112129386,jbaggarley59@github.com,Well...,2742802847,jbaggarley59@mail.ru,6/21/2016,2/24/2019
191,191,202,26/1/2019,Kwimbee,Joanne Hofton,3296227741,jhofton5a@mayoclinic.com,Good description says nothing,9384325969,jhofton5a@nasa.gov,3/5/2017,2/19/2019
192,192,396,12/5/2018,Miboo,Weylin Curedell,8574575493,wcuredell5b@miibeian.gov.cn,Dont have time for this.,9331182845,wcuredell5b@dailymail.co.uk,4/11/2018,3/3/2019
193,193,102,18/1/2017,Yodel,Brandtr Kellard,8555826366,bkellard5c@cmu.edu,Not,1329260371,bkellard5c@meetup.com,4/1/2017,2/28/2019
194,194,214,6/1/2017,Blogspan,Cathie Kelshaw,4201200039,ckelshaw5d@rambler.ru,Good description says nothing,2564444236,ckelshaw5d@ftc.gov,7/25/2018,3/3/2019
195,195,32,19/9/2017,Lazz,Riannon Johanning,3718633803,rjohanning5e@xinhuanet.com,Dont have time for this.,1364417216,rjohanning5e@java.com,5/11/2018,3/5/2019
196,196,474,26/10/2017,Rhycero,Lanna Nial,7271644392,lnial5f@smh.com.au,This is a beautiful description,5506210904,lnial5f@fda.gov,3/3/2018,3/7/2019
197,197,50,29/11/2017,JumpXS,Kerstin Aireton,3725249974,kaireton5g@networksolutions.com,Well...,7815148467,kaireton5g@miibeian.gov.cn,11/2/2018,2/7/2019
198,198,251,8/4/2018,Realcube,Vicki Haking,9197855452,vhaking5h@noaa.gov,I dont know,5747916450,vhaking5h@csmonitor.com,4/9/2016,2/25/2019
199,199,316,3/12/2018,Eabox,Jenilee Monnoyer,3036807897,jmonnoyer5i@indiegogo.com,Good description says nothing,1532487051,jmonnoyer5i@diigo.com,3/25/2018,2/7/2019
200,200,83,31/8/2018,Rhyzio,Walton Ouslem,3806968852,wouslem5j@nba.com,I dont know,4549647551,wouslem5j@army.mil,3/13/2018,3/8/2019
201,201,283,23/11/2018,Ntag,Lebbie Oleszkiewicz,4271315782,loleszkiewicz5k@google.pl,Dont have time for this.,2131085991,loleszkiewicz5k@spotify.com,6/18/2016,3/12/2019
202,202,47,16/8/2017,Tagchat,Herbert Peasby,4289312312,hpeasby5l@cpanel.net,Dont have time for this.,5058272982,hpeasby5l@cam.ac.uk,12/1/2016,2/18/2019
203,203,112,30/1/2018,Yata,Clint Parnaby,1942686112,cparnaby5m@angelfire.com,Well...,3351570189,cparnaby5m@tinyurl.com,11/11/2018,2/9/2019
204,204,481,19/10/2017,Meeveo,Vin Wallbrook,1885780472,vwallbrook5n@statcounter.com,Not,4665826620,vwallbrook5n@va.gov,5/29/2017,3/11/2019
205,205,372,24/6/2018,Rhynyx,Daffi Marthen,3123979027,dmarthen5o@utexas.edu,Well...,1067736380,dmarthen5o@tumblr.com,7/2/2017,2/23/2019
206,206,21,17/4/2018,Dynava,Linn Girvin,2849776508,lgirvin5p@census.gov,Good description says nothing,5297346679,lgirvin5p@biblegateway.com,3/8/2017,2/2/2019
207,207,177,29/4/2016,Trilith,Annette Guichard,3397436884,aguichard5q@cmu.edu,This is a beautiful description,3094730352,aguichard5q@alibaba.com,4/30/2018,2/8/2019
208,208,33,26/8/2018,Brainsphere,Glennie Cresser,1556331339,gcresser5r@oakley.com,I dont know,8501844073,gcresser5r@aboutads.info,11/2/2016,2/12/2019
209,209,387,24/5/2016,Blogspan,Becca Stolting,4718181758,bstolting5s@hibu.com,Well...,8338477541,bstolting5s@apache.org,9/14/2016,2/18/2019
210,210,341,23/7/2018,Trupe,Lissie Mellenby,6427538362,lmellenby5t@mediafire.com,Dont have time for this.,7534068445,lmellenby5t@people.com.cn,9/7/2016,2/5/2019
211,211,254,11/1/2017,Dynava,Nadean Stampfer,5402918866,nstampfer5u@hugedomains.com,Good description says nothing,9582154393,nstampfer5u@people.com.cn,8/29/2018,3/11/2019
212,212,44,11/12/2016,Youspan,Clemmy Stonall,3873391104,cstonall5v@ucoz.com,This is a beautiful description,1722778191,cstonall5v@nationalgeographic.com,3/21/2016,2/28/2019
213,213,401,25/6/2016,Ainyx,Eward Isaksson,8649264325,eisaksson5w@state.gov,Well...,6136252009,eisaksson5w@gravatar.com,5/8/2017,3/1/2019
214,214,416,19/9/2018,Meembee,Raddy Dunston,7965946773,rdunston5x@hc360.com,Not,4812569789,rdunston5x@europa.eu,7/22/2018,2/12/2019
215,215,221,15/4/2016,Vitz,Cati Lammin,6198096870,clammin5y@csmonitor.com,Good description says nothing,5117883997,clammin5y@ed.gov,10/23/2016,2/3/2019
216,216,27,23/12/2018,Skiptube,Rorke Goranov,1571506806,rgoranov5z@discuz.net,Dont have time for this.,3082060817,rgoranov5z@mysql.com,10/28/2017,3/10/2019
217,217,478,28/6/2017,Rhynyx,Land Barthod,3052961809,lbarthod60@about.me,This is a beautiful description,4973293887,lbarthod60@ebay.co.uk,11/18/2016,2/14/2019
218,218,144,9/10/2017,Roodel,Decca Giffaut,4038549381,dgiffaut61@sciencedaily.com,Dont have time for this.,8748917916,dgiffaut61@webmd.com,5/9/2018,2/3/2019
219,219,229,19/6/2018,Plambee,Piotr Kingshott,3141321416,pkingshott62@state.gov,Good description says nothing,2405227790,pkingshott62@irs.gov,9/11/2016,2/18/2019
220,220,371,25/8/2018,Yamia,Piper Webbe,4715414602,pwebbe63@mlb.com,Good description says nothing,2894804539,pwebbe63@amazon.co.uk,12/6/2016,3/4/2019
221,221,239,22/9/2018,Cogidoo,Tobi Avramovic,8543043716,tavramovic64@intel.com,This is a beautiful description,6657539129,tavramovic64@godaddy.com,4/14/2016,3/2/2019
222,222,481,8/11/2016,Skyba,Brittney Timmes,6197012780,btimmes65@apache.org,I dont know,6826979483,btimmes65@simplemachines.org,7/25/2016,3/4/2019
223,223,178,23/3/2018,Jatri,Timmie Paler,8387579139,tpaler66@google.fr,Dont have time for this.,8634411096,tpaler66@mapquest.com,11/5/2016,3/10/2019
224,224,434,20/11/2017,Linktype,Bern Baddam,7265291687,bbaddam67@lulu.com,Not,6081115478,bbaddam67@typepad.com,9/2/2017,3/10/2019
225,225,263,24/10/2018,Tagtune,Magdalene Keddey,8573172223,mkeddey68@un.org,This is a beautiful description,7128028061,mkeddey68@edublogs.org,11/1/2017,2/20/2019
226,226,161,11/8/2017,Linkbridge,Arabelle Stonebridge,6112260880,astonebridge69@huffingtonpost.com,Dont have time for this.,1097929199,astonebridge69@google.es,12/3/2017,2/20/2019
227,227,134,18/5/2018,Blogpad,Lanette Eunson,7126661592,leunson6a@chronoengine.com,Well...,9333477429,leunson6a@webs.com,11/23/2018,2/2/2019
228,228,402,16/12/2018,Eamia,Zuzana Carrol,2956192133,zcarrol6b@chron.com,This is a beautiful description,6389580733,zcarrol6b@creativecommons.org,8/31/2016,3/10/2019
229,229,137,25/12/2016,Minyx,Nikos Yude,9039799139,nyude6c@google.it,This is a beautiful description,3162521814,nyude6c@sourceforge.net,3/3/2017,2/28/2019
230,230,45,13/8/2017,Skajo,Jocelyne Menlove,6629316089,jmenlove6d@stumbleupon.com,Not,4036909345,jmenlove6d@altervista.org,2/9/2017,2/22/2019
231,231,383,7/2/2019,Brainbox,Ernaline Glenton,8423356004,eglenton6e@prlog.org,Not,4917352563,eglenton6e@jalbum.net,6/22/2018,2/27/2019
232,232,247,24/1/2019,Yoveo,Antonin Parzis,7879308208,aparzis6f@yelp.com,Not,4301440402,aparzis6f@archive.org,10/18/2017,3/11/2019
233,233,214,12/8/2017,Jabbersphere,Shay Leavey,7636490588,sleavey6g@i2i.jp,Well...,8105691141,sleavey6g@fotki.com,2/27/2017,2/1/2019
234,234,131,24/8/2017,Pixoboo,Dasi Picopp,6637910619,dpicopp6h@imgur.com,Not,1157928009,dpicopp6h@wix.com,8/27/2018,2/13/2019
235,235,199,25/11/2018,Linkbridge,Catina Armfield,2688330530,carmfield6i@istockphoto.com,Dont have time for this.,1094437153,carmfield6i@house.gov,3/19/2017,2/25/2019
236,236,434,17/1/2018,Tavu,Lyon Cuxon,9841275897,lcuxon6j@soundcloud.com,Not,5003144109,lcuxon6j@edublogs.org,12/27/2016,3/9/2019
237,237,25,7/7/2018,Tagpad,Esta Fattorini,9221659322,efattorini6k@japanpost.jp,Well...,3846712137,efattorini6k@usa.gov,12/11/2017,2/20/2019
238,238,250,22/11/2016,Dynava,Brice Findlater,5203168583,bfindlater6l@networksolutions.com,This is a beautiful description,3855406408,bfindlater6l@hp.com,5/25/2016,2/1/2019
239,239,269,11/3/2017,Avaveo,Filbert King,2725421026,fking6m@github.io,This is a beautiful description,9809465822,fking6m@domainmarket.com,10/6/2016,2/25/2019
240,240,486,20/7/2017,Zooveo,Tony Hillborne,6159273487,thillborne6n@economist.com,Good description says nothing,5552307221,thillborne6n@artisteer.com,1/15/2018,3/12/2019
241,241,102,27/11/2017,Topicblab,Zolly Argabrite,8423359886,zargabrite6o@spotify.com,Dont have time for this.,7573768504,zargabrite6o@yale.edu,1/3/2017,2/22/2019
242,242,495,31/1/2018,Brightbean,Zacherie Dubarry,3676098340,zdubarry6p@4shared.com,This is a beautiful description,9912053889,zdubarry6p@csmonitor.com,5/23/2017,2/19/2019
243,243,10,15/3/2016,Blogspan,Griffie Saura,2823065891,gsaura6q@mayoclinic.com,Not,7266022058,gsaura6q@nytimes.com,11/12/2016,2/2/2019
244,244,117,11/12/2016,Realfire,Anastasia Ing,1004507081,aing6r@360.cn,Good description says nothing,5605353914,aing6r@ycombinator.com,1/29/2017,2/13/2019
245,245,270,14/12/2017,Rhynyx,Hodge Tumbelty,7684118434,htumbelty6s@walmart.com,Not,5537310614,htumbelty6s@wikia.com,12/27/2016,3/12/2019
246,246,290,21/10/2016,Topicblab,Blithe Tenby,9684873911,btenby6t@washington.edu,Not,5061083432,btenby6t@shop-pro.jp,6/30/2018,2/10/2019
247,247,78,24/4/2016,Mybuzz,Hazlett Sidwick,7831513544,hsidwick6u@prweb.com,Dont have time for this.,4089219182,hsidwick6u@stumbleupon.com,12/16/2017,2/4/2019
248,248,246,8/5/2017,Divanoodle,Dido Wilcocke,6313011413,dwilcocke6v@baidu.com,Not,9289116768,dwilcocke6v@youtube.com,3/15/2016,2/27/2019
249,249,70,19/1/2017,InnoZ,Lindi Egell,3888291919,legell6w@nytimes.com,Good description says nothing,9562385713,legell6w@example.com,4/27/2018,2/25/2019
250,250,186,5/5/2017,Photospace,Cecilia Aickin,9148063047,caickin6x@naver.com,Well...,3154737798,caickin6x@netvibes.com,2/1/2018,2/10/2019
251,251,14,16/1/2019,Aimbu,Gayler Brennon,3896212865,gbrennon6y@gravatar.com,Not,8109621211,gbrennon6y@geocities.jp,12/19/2018,2/21/2019
252,252,286,23/2/2018,Quinu,Tamra Billin,8732656842,tbillin6z@forbes.com,Not,1863368680,tbillin6z@unesco.org,6/27/2017,3/9/2019
253,253,23,3/6/2018,Aivee,Rene Beaty,8165940604,rbeaty70@google.co.uk,This is a beautiful description,4791009964,rbeaty70@domainmarket.com,10/1/2018,3/8/2019
254,254,443,7/9/2016,Zazio,Barnett Sopp,7061666681,bsopp71@ihg.com,Dont have time for this.,1513589953,bsopp71@simplemachines.org,8/12/2016,2/17/2019
255,255,100,21/3/2016,Avavee,Audrie Duggan,3624854737,aduggan72@google.de,Well...,8468437534,aduggan72@prlog.org,11/1/2016,3/1/2019
256,256,373,16/12/2017,Edgeclub,Opaline Greson,9339082111,ogreson73@indiatimes.com,This is a beautiful description,5898374027,ogreson73@google.co.jp,6/19/2017,3/12/2019
257,257,24,5/12/2016,Oozz,Quintin Couldwell,8265286502,qcouldwell74@soundcloud.com,This is a beautiful description,8188087396,qcouldwell74@altervista.org,7/21/2017,3/3/2019
258,258,326,26/1/2019,Riffpath,Frasier Lerohan,5448585535,flerohan75@soundcloud.com,This is a beautiful description,5566514110,flerohan75@topsy.com,6/7/2018,2/4/2019
259,259,321,28/5/2018,Skinix,Aurelia OSheerin,2062308237,aosheerin76@house.gov,I dont know,9579910680,aosheerin76@behance.net,8/10/2017,2/16/2019
260,260,87,16/3/2018,Twitterwire,Benjamen Hylton,5637843182,bhylton77@bandcamp.com,I dont know,6411489681,bhylton77@cornell.edu,7/1/2018,2/4/2019
261,261,478,6/10/2016,Demizz,Mattias Duckers,5338579445,mduckers78@si.edu,Dont have time for this.,6695904326,mduckers78@netlog.com,7/10/2016,2/9/2019
262,262,205,20/3/2017,Feednation,Peadar Keitley,6434959629,pkeitley79@go.com,Well...,3463872542,pkeitley79@techcrunch.com,8/22/2016,2/9/2019
263,263,178,27/6/2018,Thoughtstorm,Kristofor Fonzo,7445359921,kfonzo7a@unicef.org,Well...,6136173591,kfonzo7a@behance.net,9/6/2018,2/26/2019
264,264,45,6/5/2017,Youspan,Ciel Saxton,7588618395,csaxton7b@mac.com,Not,3152516288,csaxton7b@huffingtonpost.com,3/29/2018,3/2/2019
265,265,178,24/6/2018,Realbridge,Alberta Meiklem,6401613647,ameiklem7c@last.fm,Well...,8834676794,ameiklem7c@nyu.edu,1/12/2017,3/12/2019
266,266,349,18/1/2017,Yozio,Lin Yukhnin,1578100008,lyukhnin7d@salon.com,Good description says nothing,8245005627,lyukhnin7d@joomla.org,8/27/2016,3/12/2019
267,267,410,14/8/2017,Voonder,Cayla Joy,3353563831,cjoy7e@cornell.edu,Good description says nothing,1953883040,cjoy7e@instagram.com,12/7/2016,3/9/2019
268,268,365,4/12/2017,Tagchat,Mahmoud Aleixo,8014483136,maleixo7f@sbwire.com,Not,7497454358,maleixo7f@pagesperso-orange.fr,10/6/2017,3/7/2019
269,269,357,6/10/2016,Ntag,Jasmina Priestley,2947893803,jpriestley7g@bbb.org,Not,7734283688,jpriestley7g@businessinsider.com,5/10/2018,2/18/2019
270,270,277,26/4/2017,Twitterworks,Elias Buckby,6197687019,ebuckby7h@lycos.com,Not,4269797309,ebuckby7h@squidoo.com,1/16/2018,2/27/2019
271,271,288,11/5/2017,Roodel,Avie Stopford,4802777632,astopford7i@desdev.cn,Not,5614857815,astopford7i@ftc.gov,8/1/2017,2/3/2019
272,272,180,19/12/2017,Brainlounge,Orelee Farryann,6849734127,ofarryann7j@hhs.gov,Not,8499849522,ofarryann7j@g.co,6/5/2016,2/11/2019
273,273,162,8/10/2016,Meetz,Daisie Gravenor,4207405000,dgravenor7k@facebook.com,Not,1421787436,dgravenor7k@sciencedaily.com,10/3/2017,3/5/2019
274,274,185,9/9/2018,Skibox,Bernete Gandley,3764993361,bgandley7l@drupal.org,This is a beautiful description,5783957714,bgandley7l@g.co,12/19/2016,2/2/2019
275,275,109,8/9/2017,Zoonder,Ezmeralda Brand-Hardy,3195722520,ebrandhardy7m@answers.com,Dont have time for this.,9191741338,ebrandhardy7m@purevolume.com,6/21/2018,2/20/2019
276,276,30,2/2/2018,Shuffletag,Mirna Drejer,8482490899,mdrejer7n@taobao.com,I dont know,3796461740,mdrejer7n@blinklist.com,11/6/2018,3/8/2019
277,277,255,7/11/2016,DabZ,Clarisse Poyner,4552500425,cpoyner7o@yolasite.com,Good description says nothing,5478974117,cpoyner7o@go.com,9/28/2017,2/17/2019
278,278,131,18/8/2018,Photospace,Luigi Candlin,1312479082,lcandlin7p@cdbaby.com,I dont know,3571387276,lcandlin7p@utexas.edu,2/13/2017,3/11/2019
279,279,73,21/7/2016,Topiclounge,Atlante Carbin,4219361301,acarbin7q@addtoany.com,Not,8882974252,acarbin7q@mac.com,8/11/2016,2/28/2019
280,280,236,1/5/2018,Blogpad,Zsazsa Teresa,5209220113,zteresa7r@comcast.net,Not,8844001452,zteresa7r@msu.edu,12/20/2017,2/4/2019
281,281,117,22/8/2016,Izio,Karalynn Daventry,5264609170,kdaventry7s@hhs.gov,Good description says nothing,6649091800,kdaventry7s@twitpic.com,6/10/2017,2/17/2019
282,282,309,24/9/2017,Cogibox,Winnie Gyurko,6698934699,wgyurko7t@ihg.com,This is a beautiful description,2781961230,wgyurko7t@shutterfly.com,2/11/2018,3/7/2019
283,283,172,19/12/2017,Lajo,Gloria Gauntley,1632716119,ggauntley7u@dion.ne.jp,Well...,4739518539,ggauntley7u@businessweek.com,7/28/2017,3/5/2019
284,284,357,10/3/2019,Innotype,Christoffer Aslen,8952911436,caslen7v@wsj.com,This is a beautiful description,8498665689,caslen7v@indiatimes.com,1/10/2018,2/12/2019
285,285,370,9/1/2018,Voolith,Antonino Marciskewski,9442672338,amarciskewski7w@geocities.jp,Not,2081433933,amarciskewski7w@theguardian.com,4/19/2016,3/4/2019
286,286,154,27/10/2017,Vimbo,Erin Caselli,9566843940,ecaselli7x@netvibes.com,This is a beautiful description,4375019275,ecaselli7x@wired.com,12/31/2018,2/12/2019
287,287,46,15/4/2017,Miboo,Brandy Edelmann,3243572791,bedelmann7y@digg.com,Dont have time for this.,2114344776,bedelmann7y@github.com,7/10/2017,2/16/2019
288,288,66,27/11/2016,Yotz,Vyky Kunrad,4157888943,vkunrad7z@ameblo.jp,I dont know,1717168018,vkunrad7z@hexun.com,7/17/2017,2/7/2019
289,289,381,26/4/2017,Jabbertype,Kirbie Ungerecht,2021255570,kungerecht80@blogtalkradio.com,This is a beautiful description,3005312429,kungerecht80@google.cn,8/15/2016,3/11/2019
290,290,67,7/8/2018,Linklinks,Bekki Kingswood,9292765794,bkingswood81@icq.com,Not,4619758914,bkingswood81@behance.net,5/27/2016,3/9/2019
291,291,36,19/1/2018,Babbleopia,Prentiss Badwick,5947558425,pbadwick82@gmpg.org,Well...,5978887792,pbadwick82@youtu.be,3/15/2016,2/26/2019
292,292,433,26/5/2016,Gabspot,Lanna Gotthard.sf,6266697562,lgotthardsf83@dot.gov,Not,9714429237,lgotthardsf83@tinyurl.com,10/3/2017,3/3/2019
293,293,54,6/1/2017,Gabtype,Dorene Wingate,2918970407,dwingate84@example.com,Dont have time for this.,2317537153,dwingate84@thetimes.co.uk,1/7/2018,3/12/2019
294,294,415,2/3/2019,Kwimbee,Joelle McRill,7508819054,jmcrill85@hexun.com,Dont have time for this.,5009980838,jmcrill85@posterous.com,1/1/2017,2/13/2019
295,295,426,27/1/2018,Tekfly,Stevie Brauns,6069522334,sbrauns86@cpanel.net,This is a beautiful description,2963041216,sbrauns86@businesswire.com,1/2/2018,2/7/2019
296,296,159,19/3/2016,Yabox,Melvyn Jozwicki,5109656626,mjozwicki87@sun.com,Well...,8174777635,mjozwicki87@netlog.com,2/16/2017,2/23/2019
297,297,263,13/1/2017,Edgeblab,Joanna Gavigan,2548568632,jgavigan88@123-reg.co.uk,Well...,5931487252,jgavigan88@etsy.com,3/31/2018,2/25/2019
298,298,276,12/8/2016,Voomm,Carmine Barrowcliffe,7792076658,cbarrowcliffe89@infoseek.co.jp,Dont have time for this.,2147999035,cbarrowcliffe89@salon.com,4/26/2018,2/13/2019
299,299,198,25/6/2017,Buzzster,Avie Hoyland,5904337763,ahoyland8a@noaa.gov,This is a beautiful description,4856557871,ahoyland8a@themeforest.net,4/30/2018,2/20/2019
300,300,436,25/8/2016,Innotype,Olia Blincko,7009407397,oblincko8b@irs.gov,Dont have time for this.,1752648377,oblincko8b@wikipedia.org,3/19/2017,3/4/2019
301,301,110,19/6/2017,Wikivu,Jenica Dawdary,6896679167,jdawdary8c@state.gov,Good description says nothing,1454754535,jdawdary8c@google.com,4/26/2016,3/11/2019
302,302,391,30/11/2018,Yacero,Rayner Parton,8344940367,rparton8d@apache.org,Not,3092289751,rparton8d@about.me,4/23/2018,2/15/2019
303,303,224,10/8/2018,Lazzy,Maxy Jiggen,3098371396,mjiggen8e@ca.gov,Dont have time for this.,6909787655,mjiggen8e@ning.com,3/1/2017,2/18/2019
304,304,204,10/8/2017,Kwideo,Natalya Iacovides,6734630464,niacovides8f@liveinternet.ru,I dont know,2977174821,niacovides8f@sakura.ne.jp,7/31/2018,3/10/2019
305,305,226,15/4/2018,Jaxspan,Kaile Cornell,4086670291,kcornell8g@ovh.net,Well...,7408995786,kcornell8g@time.com,11/30/2016,2/13/2019
306,306,460,2/12/2017,Zoombox,Marybelle Costen,1151564118,mcosten8h@histats.com,Dont have time for this.,6161651689,mcosten8h@mapy.cz,3/16/2018,2/20/2019
307,307,69,22/5/2016,Jabberbean,Rebecka Shrimpling,8938982456,rshrimpling8i@acquirethisname.com,I dont know,6748817709,rshrimpling8i@eventbrite.com,10/3/2017,3/7/2019
308,308,219,13/5/2017,Jaxworks,Etty Kellaway,1643165806,ekellaway8j@sourceforge.net,Not,2373141563,ekellaway8j@pcworld.com,7/28/2016,3/3/2019
309,309,24,10/10/2017,Abata,Charlene Stannus,2009465280,cstannus8k@cam.ac.uk,Dont have time for this.,7959697830,cstannus8k@oaic.gov.au,10/16/2018,2/20/2019
310,310,392,25/4/2018,Livetube,Alyse Belderson,4444606795,abelderson8l@techcrunch.com,Not,8256357822,abelderson8l@photobucket.com,6/9/2016,2/23/2019
311,311,34,13/5/2017,Youspan,Tymon Gallamore,4924633431,tgallamore8m@oracle.com,Dont have time for this.,4499752109,tgallamore8m@multiply.com,6/29/2016,3/5/2019
312,312,419,19/12/2017,Voomm,Katerine Piotrowski,4394485123,kpiotrowski8n@springer.com,Not,2477740714,kpiotrowski8n@ehow.com,1/5/2017,2/6/2019
313,313,282,27/2/2017,Livetube,Cal McGurgan,2423624722,cmcgurgan8o@squidoo.com,Dont have time for this.,6893956938,cmcgurgan8o@telegraph.co.uk,8/24/2016,2/12/2019
314,314,481,31/3/2018,Rhybox,Kendricks Ogelsby,8862001743,kogelsby8p@xing.com,Well...,3859432911,kogelsby8p@yellowpages.com,11/23/2017,3/12/2019
315,315,381,12/10/2018,Skyba,Walden Matlock,5001055000,wmatlock8q@wikipedia.org,Well...,9601914522,wmatlock8q@imageshack.us,1/26/2017,3/12/2019
316,316,337,16/2/2018,Tanoodle,Nessa Spyvye,2653004990,nspyvye8r@4shared.com,Not,9928464968,nspyvye8r@nyu.edu,9/26/2018,3/1/2019
317,317,272,6/2/2018,Voonix,Alonso Wilprecht,3642392616,awilprecht8s@nba.com,This is a beautiful description,1474888621,awilprecht8s@webnode.com,8/15/2017,2/13/2019
318,318,199,15/4/2018,Skilith,Gilbert Ronchi,7131815020,gronchi8t@drupal.org,Dont have time for this.,4331246973,gronchi8t@pcworld.com,2/7/2017,2/4/2019
319,319,130,4/9/2016,Edgeify,Wilmar Drioli,7283431442,wdrioli8u@ehow.com,I dont know,5321035795,wdrioli8u@people.com.cn,5/21/2018,2/23/2019
320,320,242,29/4/2016,Meedoo,Katinka Cowherd,4302797209,kcowherd8v@pagesperso-orange.fr,Not,5197700059,kcowherd8v@github.io,11/3/2018,2/24/2019
321,321,374,27/1/2019,Snaptags,Jeanne Livingstone,1556697063,jlivingstone8w@ning.com,This is a beautiful description,7254082658,jlivingstone8w@themeforest.net,6/6/2018,2/7/2019
322,322,493,5/12/2016,Katz,Allan Swannick,3345059587,aswannick8x@elegantthemes.com,I dont know,1938309073,aswannick8x@51.la,10/14/2018,2/3/2019
323,323,452,11/4/2018,Twitterbridge,Lorens Tuer,5208935582,ltuer8y@techcrunch.com,Good description says nothing,3829862223,ltuer8y@blogtalkradio.com,8/2/2018,2/24/2019
324,324,437,22/8/2017,Cogibox,Drucy Ferenczy,4655478796,dferenczy8z@ustream.tv,I dont know,9482466038,dferenczy8z@harvard.edu,6/4/2017,3/7/2019
325,325,417,29/11/2017,Voomm,Jemima Boddington,6119722036,jboddington90@cam.ac.uk,Good description says nothing,8282084083,jboddington90@blog.com,7/21/2016,3/1/2019
326,326,394,27/5/2018,Wikido,Otha Congram,7146561082,ocongram91@paginegialle.it,Not,6233482648,ocongram91@freewebs.com,5/26/2016,2/1/2019
327,327,72,16/3/2016,Oozz,Aland Golborne,1643193397,agolborne92@army.mil,Good description says nothing,8605551927,agolborne92@amazon.co.uk,6/16/2016,2/7/2019
328,328,260,15/1/2018,Photojam,Ambrose Frossell,8732020041,afrossell93@businessinsider.com,Dont have time for this.,7866287692,afrossell93@scribd.com,2/16/2018,2/23/2019
329,329,273,18/5/2017,Thoughtsphere,Brana Beadell,2626761131,bbeadell94@smh.com.au,Good description says nothing,2209503907,bbeadell94@amazon.co.uk,9/11/2016,2/16/2019
330,330,407,7/10/2016,Tagchat,Ermengarde Akast,9128264737,eakast95@vk.com,This is a beautiful description,3624901112,eakast95@ucla.edu,9/29/2016,2/7/2019
331,331,273,24/5/2016,Gigashots,Shanan Muckle,5448259478,smuckle96@dmoz.org,I dont know,3844750260,smuckle96@free.fr,6/26/2016,2/23/2019
332,332,282,14/10/2017,InnoZ,Guss Kedwell,7094777569,gkedwell97@loc.gov,Well...,9536200782,gkedwell97@cyberchimps.com,12/20/2018,3/12/2019
333,333,458,2/1/2018,Yata,Gratiana Morsom,8991152161,gmorsom98@yellowpages.com,This is a beautiful description,6362659279,gmorsom98@dion.ne.jp,9/8/2018,2/11/2019
334,334,125,28/12/2018,Realblab,Alexandra Perche,2115225428,aperche99@icio.us,This is a beautiful description,3411795725,aperche99@upenn.edu,1/14/2017,3/1/2019
335,335,288,17/6/2016,Tagtune,Prue Syrie,7264307915,psyrie9a@fotki.com,I dont know,4179530402,psyrie9a@diigo.com,6/27/2018,3/5/2019
336,336,289,4/3/2017,Viva,Tarra Rosenzwig,4397699904,trosenzwig9b@smugmug.com,Not,6159277608,trosenzwig9b@boston.com,9/11/2017,2/26/2019
337,337,232,4/10/2016,Fivechat,Leese Zealy,8733870204,lzealy9c@wp.com,Well...,3775406562,lzealy9c@flickr.com,4/8/2017,2/4/2019
338,338,233,21/8/2016,Janyx,Culley Roth,8042930060,croth9d@about.com,This is a beautiful description,7418321296,croth9d@amazon.de,5/8/2018,2/28/2019
339,339,86,28/1/2018,Vinder,Hannie Gauvin,7282910890,hgauvin9e@macromedia.com,Well...,3413411795,hgauvin9e@squidoo.com,4/9/2018,2/19/2019
340,340,475,17/5/2017,Oyondu,Guendolen Jerams,2163798295,gjerams9f@rediff.com,Not,6346191886,gjerams9f@theglobeandmail.com,12/8/2016,2/27/2019
341,341,416,9/4/2018,Flipstorm,Ivette Shelmardine,5137910307,ishelmardine9g@amazon.de,Well...,2564914491,ishelmardine9g@eventbrite.com,10/26/2017,3/6/2019
342,342,385,24/4/2017,Twitterworks,Jobey Dubois,4133962729,jdubois9h@scientificamerican.com,This is a beautiful description,1298936571,jdubois9h@sourceforge.net,10/7/2016,2/10/2019
343,343,11,14/6/2018,Riffpedia,Sabine Ffoulkes,5901245200,sffoulkes9i@japanpost.jp,Well...,1644040927,sffoulkes9i@sourceforge.net,12/31/2017,2/24/2019
344,344,214,1/10/2017,Zooxo,Roshelle Paling,4892907869,rpaling9j@msu.edu,I dont know,2945047604,rpaling9j@homestead.com,8/6/2017,3/4/2019
345,345,57,1/8/2017,Shuffletag,Morton Saile,2997510180,msaile9k@simplemachines.org,Well...,7638123157,msaile9k@issuu.com,9/14/2016,2/17/2019
346,346,225,8/5/2017,Realbuzz,Elane Flament,5834378964,eflament9l@usa.gov,Not,6655865198,eflament9l@kickstarter.com,8/16/2017,2/1/2019
347,347,397,6/6/2018,Realmix,Madlen Costell,3223982709,mcostell9m@alexa.com,I dont know,7813283716,mcostell9m@mapy.cz,12/25/2018,3/1/2019
348,348,329,14/8/2017,Chatterpoint,Jareb Selvey,3493272411,jselvey9n@businessweek.com,Good description says nothing,1727317848,jselvey9n@zimbio.com,4/8/2016,2/1/2019
349,349,475,1/7/2017,Quatz,Svend Bodill,8374201399,sbodill9o@fda.gov,Not,1289680810,sbodill9o@xinhuanet.com,1/13/2018,2/10/2019
350,350,500,1/5/2017,Rhynyx,Casi Ballchin,1198228680,cballchin9p@cnn.com,Not,4842884973,cballchin9p@opera.com,2/8/2017,2/1/2019
351,351,392,24/5/2018,Tagfeed,Agnese Auchterlony,6555970652,aauchterlony9q@usda.gov,Well...,7282544946,aauchterlony9q@accuweather.com,11/4/2016,2/14/2019
352,352,47,19/10/2016,Tagchat,Amalia Loton,6004036058,aloton9r@dot.gov,Not,9606446117,aloton9r@seattletimes.com,5/22/2018,3/5/2019
353,353,99,15/12/2018,Dabfeed,Annemarie Ramberg,7666723785,aramberg9s@zimbio.com,Well...,4519380507,aramberg9s@fema.gov,3/23/2018,3/3/2019
354,354,61,21/9/2016,Voonyx,Karen Labusquiere,8726379725,klabusquiere9t@timesonline.co.uk,Good description says nothing,9428232298,klabusquiere9t@naver.com,12/5/2018,2/20/2019
355,355,285,11/4/2017,Kwilith,Townsend McKinley,2158505584,tmckinley9u@sina.com.cn,Good description says nothing,1119620522,tmckinley9u@so-net.ne.jp,10/29/2018,3/2/2019
356,356,413,11/7/2017,Blogspan,Cathy Spinelli,7189627383,cspinelli9v@php.net,I dont know,9487421488,cspinelli9v@goo.gl,5/11/2017,2/24/2019
357,357,331,17/11/2016,Thoughtblab,Zaria Taffurelli,5596783928,ztaffurelli9w@soup.io,This is a beautiful description,1665129477,ztaffurelli9w@oakley.com,10/11/2016,2/26/2019
358,358,332,10/3/2018,Gevee,Nike Petrelli,9236816233,npetrelli9x@ucoz.com,Well...,8549844149,npetrelli9x@qq.com,2/11/2017,2/9/2019
359,359,78,14/4/2016,Jaxbean,Margalit Lunney,1615725215,mlunney9y@vkontakte.ru,Good description says nothing,6798109789,mlunney9y@nymag.com,3/10/2018,3/12/2019
360,360,454,11/1/2018,Shuffletag,Winthrop Callcott,1418180750,wcallcott9z@un.org,Well...,2991414145,wcallcott9z@51.la,8/16/2017,3/4/2019
361,361,407,23/1/2018,Dabtype,Ware Bartrum,4195971933,wbartruma0@usgs.gov,Dont have time for this.,9532699491,wbartruma0@merriam-webster.com,12/3/2018,2/24/2019
362,362,447,10/6/2017,Riffpath,Stefania Stair,5804920290,sstaira1@freewebs.com,I dont know,9747644916,sstaira1@youku.com,4/17/2018,3/3/2019
363,363,370,3/4/2016,Blogpad,Coriss de Castelain,4802121487,cdea2@youtu.be,This is a beautiful description,7805470579,cdea2@parallels.com,5/6/2016,2/12/2019
364,364,340,28/12/2017,Eimbee,Malissia Tomowicz,2144332029,mtomowicza3@woothemes.com,Dont have time for this.,4199020982,mtomowicza3@hostgator.com,12/11/2017,3/3/2019
365,365,116,4/4/2016,Oloo,Lambert Foldes,1791191399,lfoldesa4@zimbio.com,This is a beautiful description,3472777873,lfoldesa4@youtube.com,5/18/2018,2/26/2019
366,366,257,26/12/2017,Avavee,Eileen Slemmonds,1941912579,eslemmondsa5@mlb.com,Not,7131327244,eslemmondsa5@biglobe.ne.jp,7/18/2017,3/7/2019
367,367,495,30/12/2018,Oyondu,Phil Renad,8726956754,prenada6@deviantart.com,Not,9154372806,prenada6@sakura.ne.jp,12/20/2018,2/11/2019
368,368,497,2/9/2016,Browsedrive,Silvan Arran,6549833353,sarrana7@networksolutions.com,Not,5487048077,sarrana7@techcrunch.com,9/3/2017,3/9/2019
369,369,160,1/11/2016,Skalith,Amery Suttie,4459061206,asuttiea8@businessweek.com,Good description says nothing,4507891053,asuttiea8@clickbank.net,1/15/2017,2/25/2019
370,370,400,30/6/2016,Realcube,Darwin Roots,6315224921,drootsa9@theglobeandmail.com,I dont know,5986940269,drootsa9@sbwire.com,8/1/2016,3/6/2019
371,371,417,28/11/2018,Agimba,Leontyne Gerriessen,2896328610,lgerriessenaa@walmart.com,Well...,1509487709,lgerriessenaa@sakura.ne.jp,10/30/2018,2/19/2019
372,372,249,24/3/2016,Skinix,Tabby Daveridge,5684022873,tdaveridgeab@msn.com,Dont have time for this.,1539318135,tdaveridgeab@google.com.br,8/31/2016,2/16/2019
373,373,261,1/9/2016,Plajo,Even McCloughlin,6168587730,emccloughlinac@yahoo.com,This is a beautiful description,9866978160,emccloughlinac@ucoz.ru,1/13/2018,2/15/2019
374,374,152,5/8/2016,Quinu,Prisca Luthwood,1056584999,pluthwoodad@deliciousdays.com,Good description says nothing,3114508536,pluthwoodad@nationalgeographic.com,3/15/2017,2/27/2019
375,375,19,24/9/2018,Twitterwire,Auberta Knill,6844703609,aknillae@wufoo.com,Dont have time for this.,7575099025,aknillae@spotify.com,6/30/2016,2/21/2019
376,376,133,14/8/2017,Flashspan,Flory Heninghem,3499178955,fheninghemaf@deliciousdays.com,Not,2604447404,fheninghemaf@craigslist.org,6/6/2016,3/2/2019
377,377,496,17/10/2016,Oyoloo,Jane Duck,3456680455,jduckag@pen.io,Dont have time for this.,9853965552,jduckag@chronoengine.com,7/6/2016,2/18/2019
378,378,481,18/10/2018,Twimm,Idalina Minchenton,7951398780,iminchentonah@buzzfeed.com,This is a beautiful description,5352868459,iminchentonah@tripadvisor.com,9/6/2017,2/3/2019
379,379,476,19/12/2018,Teklist,Marietta Couzens,6813381048,mcouzensai@usgs.gov,Well...,2121873287,mcouzensai@photobucket.com,7/30/2016,3/8/2019
380,380,242,11/11/2016,Buzzshare,Mark Chatres,7337663430,mchatresaj@oaic.gov.au,Not,4971516302,mchatresaj@huffingtonpost.com,5/28/2017,3/9/2019
381,381,390,26/2/2017,Katz,Carmel Roser,3826629242,croserak@geocities.jp,I dont know,8915322107,croserak@reddit.com,1/28/2018,2/18/2019
382,382,317,5/9/2017,Buzzdog,Laetitia Blant,3448083972,lblantal@eepurl.com,I dont know,6279859379,lblantal@ucla.edu,1/6/2018,3/2/2019
383,383,24,30/1/2018,Gabspot,Berke Pirazzi,9789554245,bpirazziam@webnode.com,Not,7274432129,bpirazziam@wufoo.com,4/3/2017,3/8/2019
384,384,23,23/5/2016,Chatterbridge,Trenton Frazer,7448991438,tfrazeran@barnesandnoble.com,Good description says nothing,9728284410,tfrazeran@go.com,6/15/2016,2/16/2019
385,385,16,15/3/2018,Linklinks,Bobbee Barthel,9181407578,bbarthelao@miibeian.gov.cn,Dont have time for this.,3869575094,bbarthelao@ezinearticles.com,5/8/2017,2/3/2019
386,386,241,2/2/2019,Innotype,Jeralee Dood,4048521845,jdoodap@comcast.net,Dont have time for this.,7506004939,jdoodap@purevolume.com,2/2/2018,3/2/2019
387,387,459,3/4/2017,Skyndu,Jobie Ketcher,3324280402,jketcheraq@cocolog-nifty.com,Not,2036670129,jketcheraq@jalbum.net,5/8/2017,2/23/2019
388,388,265,2/2/2019,Dynava,Teddie Charrington,1529022634,tcharringtonar@vk.com,This is a beautiful description,2336924474,tcharringtonar@chicagotribune.com,7/1/2018,3/5/2019
389,389,82,4/1/2017,Topdrive,Adelaida Varndall,6893119643,avarndallas@mit.edu,Not,9255556928,avarndallas@irs.gov,3/8/2018,3/3/2019
390,390,343,24/10/2018,Jaloo,Dan Baglow,2651304432,dbaglowat@devhub.com,I dont know,7006360123,dbaglowat@friendfeed.com,7/17/2016,2/10/2019
391,391,57,3/6/2018,Zoomlounge,Sharity Hunstone,9276906102,shunstoneau@com.com,Dont have time for this.,5611427513,shunstoneau@psu.edu,11/5/2018,3/4/2019
392,392,351,22/1/2017,Kazio,Constancia Yuryatin,9938879679,cyuryatinav@t.co,Dont have time for this.,8432038648,cyuryatinav@360.cn,11/1/2016,2/7/2019
393,393,326,18/11/2016,Topdrive,Marty Armfirld,1048992144,marmfirldaw@youtu.be,This is a beautiful description,5254668872,marmfirldaw@nps.gov,1/18/2018,2/9/2019
394,394,421,12/8/2018,Zooxo,Jefferey Ovitz,4077952068,jovitzax@craigslist.org,Well...,1464795572,jovitzax@google.com.br,11/18/2016,3/8/2019
395,395,37,26/9/2016,Topiczoom,Toby Heugh,5478532586,theughay@multiply.com,This is a beautiful description,6176221513,theughay@sbwire.com,11/2/2017,2/8/2019
396,396,304,10/1/2017,Mycat,Tatiana Glanvill,5176534324,tglanvillaz@netlog.com,Well...,4307270004,tglanvillaz@typepad.com,1/7/2017,2/7/2019
397,397,116,4/2/2017,Browsecat,Saraann Fessions,7742439073,sfessionsb0@yelp.com,This is a beautiful description,1569009773,sfessionsb0@washington.edu,9/11/2017,2/20/2019
398,398,154,9/3/2019,Topicblab,Nana Mattioni,7172151140,nmattionib1@parallels.com,Not,3099353673,nmattionib1@nature.com,3/16/2016,2/28/2019
399,399,260,28/2/2017,Trudeo,Wilhelm Edowes,7647589280,wedowesb2@themeforest.net,Dont have time for this.,4534860207,wedowesb2@reference.com,5/25/2018,2/2/2019
400,400,190,19/4/2017,Browsecat,Olenolin Figgs,4005314449,ofiggsb3@vkontakte.ru,I dont know,1579762192,ofiggsb3@marketwatch.com,5/8/2016,2/13/2019
401,401,422,1/4/2017,Vinte,Gennie McCord,6177190590,gmccordb4@apache.org,This is a beautiful description,4442767444,gmccordb4@ustream.tv,8/7/2017,2/3/2019
402,402,189,3/4/2017,Mydeo,Brook Peaden,2365321816,bpeadenb5@issuu.com,I dont know,8434021996,bpeadenb5@amazon.com,4/6/2018,2/8/2019
403,403,399,16/10/2017,Demivee,Siegfried Barczynski,5328140019,sbarczynskib6@slashdot.org,Good description says nothing,4246303741,sbarczynskib6@prnewswire.com,11/22/2018,3/9/2019
404,404,347,25/4/2016,Feednation,Claudell Grosier,2993307446,cgrosierb7@ovh.net,Well...,4492447815,cgrosierb7@ehow.com,10/5/2016,2/4/2019
405,405,109,18/5/2016,Vinder,Callean Napoli,3717627492,cnapolib8@usatoday.com,Well...,3109735743,cnapolib8@mysql.com,6/10/2018,3/4/2019
406,406,222,3/6/2017,Oyondu,Farrand Rosentholer,8119975871,frosentholerb9@sogou.com,I dont know,7138079128,frosentholerb9@photobucket.com,12/6/2016,2/1/2019
407,407,381,30/3/2016,Demizz,Karisa Burles,5345129968,kburlesba@shutterfly.com,Good description says nothing,6182542563,kburlesba@fotki.com,9/30/2016,2/19/2019
408,408,467,3/6/2018,Innotype,Lenette Lintin,4262734556,llintinbb@salon.com,Good description says nothing,5502648738,llintinbb@vk.com,11/27/2016,3/1/2019
409,409,293,17/4/2016,Jabbersphere,Aleece Hallan,6124210800,ahallanbc@ezinearticles.com,This is a beautiful description,3805065681,ahallanbc@netscape.com,11/22/2018,2/14/2019
410,410,342,21/5/2016,Latz,Glenn Tivolier,5408181279,gtivolierbd@tumblr.com,I dont know,1133552512,gtivolierbd@wix.com,11/25/2018,3/7/2019
411,411,410,2/3/2019,Rhynyx,Dell Giovannazzi,2673663235,dgiovannazzibe@shutterfly.com,Not,7037515449,dgiovannazzibe@eventbrite.com,10/7/2017,3/5/2019
412,412,294,14/2/2018,Avamm,Rikki Fellenor,8855283614,rfellenorbf@technorati.com,Dont have time for this.,3885357978,rfellenorbf@merriam-webster.com,12/27/2018,2/3/2019
413,413,380,13/7/2017,Lajo,Lyssa McDonogh,7386112000,lmcdonoghbg@google.co.uk,Not,4555791452,lmcdonoghbg@ifeng.com,3/22/2018,2/6/2019
414,414,27,18/6/2017,Yabox,Lawry Curlis,1767366012,lcurlisbh@list-manage.com,Good description says nothing,8093226394,lcurlisbh@salon.com,10/2/2016,3/9/2019
415,415,482,27/2/2017,Talane,Bennie Portriss,2327346749,bportrissbi@loc.gov,Good description says nothing,8589333390,bportrissbi@usda.gov,5/1/2017,2/2/2019
416,416,308,17/1/2017,Livefish,Melisa Lamonby,2141254760,mlamonbybj@example.com,This is a beautiful description,5518377909,mlamonbybj@google.com.au,11/14/2017,3/7/2019
417,417,354,2/2/2019,Oyondu,Roanne Coatman,4699290717,rcoatmanbk@wordpress.com,Not,9637042110,rcoatmanbk@state.gov,5/31/2018,2/22/2019
418,418,276,25/5/2016,Devshare,Weidar McLise,9816534733,wmclisebl@cargocollective.com,Dont have time for this.,2167505940,wmclisebl@archive.org,2/20/2017,2/27/2019
419,419,468,19/9/2016,Yotz,Sloane Sleney,4223332361,ssleneybm@gravatar.com,Not,5783544305,ssleneybm@cloudflare.com,12/17/2016,3/10/2019
420,420,293,9/4/2017,Oyondu,Estele Thibodeaux,7986374283,ethibodeauxbn@google.it,I dont know,4056810131,ethibodeauxbn@nationalgeographic.com,4/13/2016,2/28/2019
421,421,491,25/11/2018,Agimba,Cindee Yoakley,1288050654,cyoakleybo@google.pl,Dont have time for this.,4909650061,cyoakleybo@hc360.com,8/15/2016,2/1/2019
422,422,322,3/4/2016,Voonder,Ripley Palleske,1877108681,rpalleskebp@msn.com,Dont have time for this.,3153791546,rpalleskebp@timesonline.co.uk,7/23/2017,2/9/2019
423,423,449,26/8/2016,Wordify,Hildegarde Rispen,2868203501,hrispenbq@163.com,Not,4563996132,hrispenbq@hao123.com,9/19/2018,3/2/2019
424,424,179,17/12/2016,Babbleopia,Polly Kelby,4324857410,pkelbybr@parallels.com,This is a beautiful description,9755253998,pkelbybr@odnoklassniki.ru,5/7/2017,2/5/2019
425,425,166,17/2/2019,Dabjam,Toby Ferenczi,8071615938,tferenczibs@omniture.com,Well...,7932166442,tferenczibs@unc.edu,7/12/2017,2/12/2019
426,426,240,31/8/2016,Wordify,Angel Filipputti,1919065988,afilipputtibt@reference.com,I dont know,3545660580,afilipputtibt@reverbnation.com,2/26/2017,3/9/2019
427,427,64,18/6/2016,Centizu,Oran Gorch,7807959527,ogorchbu@fotki.com,This is a beautiful description,5731172967,ogorchbu@dmoz.org,3/26/2018,3/10/2019
428,428,63,23/11/2018,Realfire,Tim Khan,2539379463,tkhanbv@google.cn,I dont know,9452714141,tkhanbv@spotify.com,4/28/2018,3/10/2019
429,429,221,3/5/2016,Mycat,Cinderella Jenno,9893032906,cjennobw@diigo.com,Dont have time for this.,9019000577,cjennobw@domainmarket.com,7/3/2018,2/21/2019
430,430,393,3/5/2018,Feedfire,Tiffi Livzey,1435106909,tlivzeybx@fc2.com,Not,9547000787,tlivzeybx@dropbox.com,6/21/2018,3/1/2019
431,431,168,30/10/2016,Photobean,Bobby Sobieski,4225604238,bsobieskiby@smh.com.au,This is a beautiful description,5556590666,bsobieskiby@deliciousdays.com,2/1/2018,2/18/2019
432,432,162,1/1/2017,Blogtags,Lesly Jedrzejewicz,4764848514,ljedrzejewiczbz@barnesandnoble.com,I dont know,9118475633,ljedrzejewiczbz@dmoz.org,12/11/2017,2/1/2019
433,433,92,19/9/2017,Dablist,Lynnelle Ponde,8399325071,lpondec0@eventbrite.com,Good description says nothing,9033313146,lpondec0@telegraph.co.uk,12/19/2017,2/22/2019
434,434,423,24/10/2018,Eamia,Gradey Pencot,7969540937,gpencotc1@bloglovin.com,I dont know,8597135125,gpencotc1@gov.uk,3/28/2018,2/15/2019
435,435,94,26/12/2017,Livefish,Jessi Duiguid,8086174177,jduiguidc2@google.com.au,Dont have time for this.,2265730052,jduiguidc2@typepad.com,12/20/2016,3/4/2019
436,436,284,18/9/2018,Dynazzy,Robb McKillop,1526897027,rmckillopc3@aol.com,Dont have time for this.,3906596313,rmckillopc3@opensource.org,5/15/2016,2/21/2019
437,437,105,3/8/2018,Brightbean,Hazlett Clack,1325286468,hclackc4@indiatimes.com,I dont know,3366617796,hclackc4@youku.com,4/26/2016,2/2/2019
438,438,416,23/12/2017,Kimia,Lynsey Lippo,6051402718,llippoc5@bloomberg.com,Not,3812454584,llippoc5@go.com,1/23/2018,3/12/2019
439,439,294,5/4/2018,Edgewire,Sibilla Jira,1477295486,sjirac6@github.io,Well...,9392488157,sjirac6@goodreads.com,10/17/2018,2/2/2019
440,440,100,17/8/2018,Meezzy,Clary dArcy,6916250765,cdarcyc7@unblog.fr,This is a beautiful description,6374042488,cdarcyc7@fema.gov,11/21/2016,2/5/2019
441,441,415,9/9/2017,Tagfeed,Louis OLyhane,9493235038,lolyhanec8@indiegogo.com,Not,3591505918,lolyhanec8@ustream.tv,9/26/2016,2/11/2019
442,442,273,6/5/2017,Flipopia,Basile Corrington,6482470180,bcorringtonc9@sciencedaily.com,Not,4384810650,bcorringtonc9@bbc.co.uk,8/19/2018,2/10/2019
443,443,155,9/7/2018,Skajo,Angelique Gaywood,1064574532,agaywoodca@cyberchimps.com,Well...,2674170428,agaywoodca@creativecommons.org,5/28/2017,2/4/2019
444,444,314,29/7/2017,Wordify,Emmalynne Guiso,3916334655,eguisocb@networkadvertising.org,I dont know,6175350222,eguisocb@nsw.gov.au,6/25/2016,2/7/2019
445,445,462,6/1/2019,Trudoo,Cicely Kleuer,1461093852,ckleuercc@cbsnews.com,I dont know,6081215938,ckleuercc@slideshare.net,10/1/2016,2/13/2019
446,446,493,14/5/2017,Abatz,Yorgos Tonner,8536175548,ytonnercd@aol.com,Well...,9316627659,ytonnercd@posterous.com,9/3/2018,2/14/2019
447,447,190,22/1/2019,Skivee,Efrem Whimper,1958008619,ewhimperce@sphinn.com,Well...,5616500767,ewhimperce@ow.ly,10/15/2016,2/23/2019
448,448,98,12/8/2018,Cogilith,Stephannie Tinklin,9693343576,stinklincf@live.com,Good description says nothing,2455108786,stinklincf@cloudflare.com,2/12/2018,3/4/2019
449,449,207,1/2/2017,Linktype,Dayna Antognozzii,8564702360,dantognozziicg@bizjournals.com,Not,9376073696,dantognozziicg@photobucket.com,7/23/2016,2/3/2019
450,450,406,11/9/2017,Meetz,Cassi Redgewell,4128710490,credgewellch@multiply.com,Well...,8898553784,credgewellch@bbb.org,12/18/2017,2/4/2019
451,451,266,3/11/2018,Browsedrive,Warden Marcq,7179191021,wmarcqci@springer.com,Dont have time for this.,2139825540,wmarcqci@bbb.org,7/14/2017,2/6/2019
452,452,476,28/1/2017,Wordify,Kim Cullivan,3379274816,kcullivancj@pinterest.com,Well...,9182386519,kcullivancj@myspace.com,2/4/2018,2/7/2019
453,453,80,11/5/2018,Yakijo,Peri Russon,7001283771,prussonck@dmoz.org,Not,1537671857,prussonck@bing.com,10/13/2017,2/5/2019
454,454,317,29/7/2016,Trudeo,Lonnie Simmell,5224564909,lsimmellcl@foxnews.com,Well...,2701939677,lsimmellcl@auda.org.au,8/21/2016,3/8/2019
455,455,292,25/2/2018,Zoozzy,Knox Darby,1654105159,kdarbycm@1688.com,Good description says nothing,2713012937,kdarbycm@istockphoto.com,9/7/2017,2/27/2019
456,456,243,18/2/2018,Centidel,Binni Geffen,1405547963,bgeffencn@ihg.com,Not,5605915683,bgeffencn@furl.net,5/25/2017,2/24/2019
457,457,146,19/12/2016,Jabberbean,Fee Dundridge,7498165250,fdundridgeco@springer.com,Well...,8993854439,fdundridgeco@washingtonpost.com,3/6/2018,2/19/2019
458,458,457,13/9/2018,Tekfly,Felita Howkins,9536881375,fhowkinscp@liveinternet.ru,Not,2619333891,fhowkinscp@webeden.co.uk,7/23/2017,3/2/2019
459,459,68,9/7/2018,Podcat,Sayre OGormally,2782476591,sogormallycq@yellowbook.com,Well...,1681151184,sogormallycq@fotki.com,9/11/2017,2/20/2019
460,460,451,10/12/2017,Skajo,Genna Snoddin,7425577086,gsnoddincr@squarespace.com,Not,2809456902,gsnoddincr@behance.net,12/28/2017,2/8/2019
461,461,270,12/12/2016,Innojam,Jacquenetta Travis,6044782771,jtraviscs@geocities.com,Not,9798850384,jtraviscs@behance.net,5/5/2016,2/25/2019
462,462,202,18/6/2018,Edgetag,Ruben Kimmel,5671569148,rkimmelct@hud.gov,This is a beautiful description,8276434108,rkimmelct@sina.com.cn,1/12/2018,3/3/2019
463,463,382,24/5/2017,Skyble,Drugi Lowne,1177336887,dlownecu@sphinn.com,I dont know,7018604355,dlownecu@rakuten.co.jp,8/28/2017,2/5/2019
464,464,369,3/9/2016,Edgewire,Nelie Ghidini,4966512873,nghidinicv@wufoo.com,Dont have time for this.,2076314549,nghidinicv@nationalgeographic.com,4/5/2017,2/14/2019
465,465,446,5/6/2018,Eayo,Amalee Thorald,1574426517,athoraldcw@google.cn,Not,9575565302,athoraldcw@mediafire.com,4/15/2018,2/9/2019
466,466,209,2/9/2016,Yotz,Alvin Muckersie,4971742903,amuckersiecx@apple.com,This is a beautiful description,8767936943,amuckersiecx@amazon.com,3/18/2018,3/2/2019
467,467,190,29/4/2018,Livefish,Hynda Mitroshinov,6036128330,hmitroshinovcy@pinterest.com,Good description says nothing,1742718437,hmitroshinovcy@hc360.com,10/8/2016,2/16/2019
468,468,210,26/11/2016,Jabbersphere,Rita Sustin,1247556195,rsustincz@sphinn.com,Not,3361586520,rsustincz@statcounter.com,7/30/2017,3/1/2019
469,469,147,9/2/2017,Feedmix,Timmy Tommasetti,7381211238,ttommasettid0@ted.com,I dont know,2563406992,ttommasettid0@theguardian.com,10/19/2017,2/12/2019
470,470,424,3/12/2017,Jabbertype,Anstice Broe,5005815513,abroed1@europa.eu,Not,2325520294,abroed1@comcast.net,4/27/2018,3/1/2019
471,471,329,10/9/2018,Quire,Isabella Bourchier,3252998337,ibourchierd2@free.fr,This is a beautiful description,8797738807,ibourchierd2@ftc.gov,10/16/2018,3/6/2019
472,472,426,21/1/2019,Blognation,Lainey Vidgeon,9461680658,lvidgeond3@ow.ly,Well...,4055183337,lvidgeond3@arstechnica.com,12/2/2017,2/28/2019
473,473,234,24/2/2017,Quatz,Yoko Cornes,7171991817,ycornesd4@utexas.edu,This is a beautiful description,7806792664,ycornesd4@uol.com.br,4/27/2016,2/22/2019
474,474,111,18/2/2018,Photobean,Mable Rosander,6309886060,mrosanderd5@wordpress.com,Dont have time for this.,9736608018,mrosanderd5@guardian.co.uk,4/11/2016,2/1/2019
475,475,362,22/11/2016,Yodoo,Vasily Whimp,8318123655,vwhimpd6@dyndns.org,Well...,9096408573,vwhimpd6@yale.edu,10/25/2018,2/26/2019
476,476,355,30/4/2017,Flipopia,Lavena Trevor,7007614219,ltrevord7@wikipedia.org,This is a beautiful description,7975800127,ltrevord7@buzzfeed.com,1/12/2017,2/27/2019
477,477,309,15/4/2018,Demimbu,Baillie Murgatroyd,8363745357,bmurgatroydd8@businessweek.com,This is a beautiful description,8003480612,bmurgatroydd8@mlb.com,8/3/2017,2/8/2019
478,478,313,15/7/2017,Skimia,Marcile Florey,5765969759,mfloreyd9@marketwatch.com,Good description says nothing,4915340944,mfloreyd9@constantcontact.com,8/13/2017,3/11/2019
479,479,13,12/1/2017,Digitube,Ericka Annon,7528494524,eannonda@last.fm,I dont know,7277896407,eannonda@va.gov,9/4/2018,2/18/2019
480,480,211,4/9/2016,Dablist,Verna Hildred,6686713472,vhildreddb@chicagotribune.com,Dont have time for this.,7763327893,vhildreddb@columbia.edu,9/13/2017,2/8/2019
481,481,399,30/5/2018,Browsetype,Kelsey Massot,9997620565,kmassotdc@plala.or.jp,I dont know,2526613302,kmassotdc@dropbox.com,3/25/2017,3/4/2019
482,482,14,10/9/2017,Realcube,Elmira Mattecot,6886789949,emattecotdd@dot.gov,Not,5079948186,emattecotdd@samsung.com,8/23/2018,2/22/2019
483,483,160,25/8/2016,Oyonder,Jeremias Whewell,1292350923,jwhewellde@unblog.fr,This is a beautiful description,7957250763,jwhewellde@google.com.hk,11/19/2016,2/2/2019
484,484,282,27/7/2017,Skiptube,Stillman Rowden,4909943136,srowdendf@telegraph.co.uk,I dont know,2375711578,srowdendf@infoseek.co.jp,12/3/2018,3/4/2019
485,485,445,30/5/2018,Izio,Mitchael Croan,9871135624,mcroandg@pcworld.com,Dont have time for this.,4177839480,mcroandg@delicious.com,3/13/2018,2/19/2019
486,486,369,16/10/2018,Gigaclub,Sallie Menat,5597588258,smenatdh@symantec.com,I dont know,2049941535,smenatdh@infoseek.co.jp,8/5/2017,3/6/2019
487,487,330,28/12/2016,Brightdog,Ahmed Melrose,1876266417,amelrosedi@tripod.com,I dont know,7844211437,amelrosedi@scientificamerican.com,10/30/2018,2/7/2019
488,488,45,30/4/2017,Katz,Shandra Macia,2123971338,smaciadj@gizmodo.com,This is a beautiful description,9774430700,smaciadj@disqus.com,6/15/2017,2/28/2019
489,489,457,10/5/2016,Lazzy,Nelly Benjamin,1077409296,nbenjamindk@patch.com,Good description says nothing,6242549150,nbenjamindk@mapquest.com,3/12/2018,3/3/2019
490,490,56,13/6/2016,Kazu,Marcia Crittal,1828684376,mcrittaldl@google.ru,Dont have time for this.,8303961636,mcrittaldl@wufoo.com,11/15/2016,2/9/2019
491,491,68,19/1/2019,BlogXS,Kelley Pedycan,4683082532,kpedycandm@arizona.edu,I dont know,8043818053,kpedycandm@dion.ne.jp,9/6/2018,2/12/2019
492,492,171,13/5/2017,Rhyzio,Sim Keune,9502675611,skeunedn@state.gov,Not,5719270867,skeunedn@smugmug.com,5/10/2016,2/9/2019
493,493,281,20/12/2017,Babbleopia,Naoma Clowney,2024454626,nclowneydo@sciencedaily.com,Good description says nothing,4073585274,nclowneydo@seattletimes.com,10/21/2017,3/4/2019
494,494,274,25/1/2018,Tanoodle,Ciro Arnolds,5354455905,carnoldsdp@bloomberg.com,Well...,1774211642,carnoldsdp@wordpress.org,11/17/2017,2/23/2019
495,495,75,14/1/2018,Shufflester,Dill Scohier,5044686134,dscohierdq@reddit.com,This is a beautiful description,8784250049,dscohierdq@marketwatch.com,4/29/2016,2/18/2019
496,496,19,9/11/2018,Leexo,Madonna Ambler,5561601485,mamblerdr@nbcnews.com,I dont know,4022831470,mamblerdr@flickr.com,9/23/2016,2/2/2019
497,497,485,22/6/2017,Nlounge,Hans Nappin,1111464705,hnappinds@unesco.org,This is a beautiful description,1039831578,hnappinds@usatoday.com,8/5/2017,2/20/2019
498,498,327,9/5/2018,Nlounge,Berry Costi,8586106157,bcostidt@plala.or.jp,Dont have time for this.,7474423365,bcostidt@woothemes.com,2/2/2017,2/7/2019
499,499,382,8/10/2017,Vipe,De Monkleigh,4072546906,dmonkleighdu@skyrock.com,Not,8658362894,dmonkleighdu@shareasale.com,6/25/2016,2/10/2019
500,500,165,26/6/2018,Blogspan,Gayle Casado,9137699815,gcasadodv@simplemachines.org,Good description says nothing,2454357695,gcasadodv@google.com.br,8/8/2016,3/11/2019
