id,full_name,business_name,email,phone_number,project_name,project_description,department_in_charge_of_elevators,message,attached_file,date,created_at,updated_at
1,Webb Wawer,Riffpedia,wwawer0@howstuffworks.com,6902762189,Hatity,Weekend project,Janitor,This is a message,01010101010101011001001,20.1.2017,5/4/2016,4/2/2018
2,Carrie Verni,Dazzlesphere,cverni1@tripod.com,5758149422,Flowdesk,Weekend project,building manager,Long message,01010101010101011001001,29.5.2016,30/7/2018,2/12/2016
3,Dana Matyukon,Eadel,dmatyukon2@shutterfly.com,6614064737,Aerified,Big big big big project,Building operator,Look at me,0101001000101010,16.7.2018,12/5/2016,9/4/2017
4,Karyl Vassay,Mudo,kvassay3@opensource.org,1298985988,Tempsoft,Big big big big project,Janitor,Look at me,01010101010010101010,18.1.2018,10/9/2018,1/11/2016
5,Constantino Burril,Devify,cburril4@addtoany.com,8277021430,Stringtough,Once upon a time,Building operator,Long message,0101001000101010,17.3.2018,9/3/2017,14/9/2017
6,Loria Jellico,Agivu,ljellico5@about.me,9016431788,Tin,Weekend project,Building operator,Long message,01010101010010101010,1.4.2017,8/8/2017,10/1/2017
7,Vernor Aires,Wordtune,vaires6@ebay.co.uk,2314703135,Zoolab,Big big big big project,Building operator,This is a message,01010101010010101010,22.6.2016,2/8/2016,24/12/2018
8,Dru Treadgold,Babblestorm,dtreadgold7@bigcartel.com,5893607185,Y-Solowarm,Big big big big project,Director,Long message,01010101010010101010,21.8.2018,26/3/2016,14/10/2018
9,Regan McMennum,Yodo,rmcmennum8@msn.com,8911567235,Temp,Once upon a time,Janitor,Long message,01001001010,14.4.2018,10/8/2017,12/6/2017
10,Shurwood Braunstein,Aimbo,sbraunstein9@stanford.edu,5217687372,Voltsillam,Big big big big project,Building operator,Look at me,01001001010,16.4.2018,4/6/2017,15/10/2018
11,Peggy Salle,Topdrive,psallea@washington.edu,5123176405,Y-find,Big big big big project,building manager,This is a message,01001001010,16.1.2018,24/6/2018,1/2/2019
12,Henrie Tracey,Flipopia,htraceyb@imdb.com,3417124188,Sub-Ex,Top secret project,Janitor,Long message,01010101010010101010,27.1.2018,10/7/2018,5/12/2017
13,Tam Larver,Meezzy,tlarverc@example.com,7174285802,Treeflex,Big big big big project,Janitor,Long message,0101001000101010,15.1.2018,13/10/2016,25/8/2018
14,Trula Polle,Vidoo,tpolled@facebook.com,1356363864,Zaam-Dox,Once upon a time,Director,Look at me,0101001000101010,23.5.2018,26/4/2016,18/4/2017
15,Ambrosi Prantl,Jayo,aprantle@theglobeandmail.com,5666407587,Alpha,Weekend project,Janitor,Look at me,01001001010,18.4.2017,13/11/2017,15/6/2017
16,Gene Heibl,Cogilith,gheiblf@sciencedirect.com,4889323263,Vagram,Big big big big project,Building operator,This is a message,01010101010010101010,18.9.2018,9/7/2017,4/11/2016
17,Rob Van Der Walt,Dabtype,rvang@creativecommons.org,7353613596,Treeflex,Weekend project,Janitor,Long message,01001001010,30.12.2017,18/6/2016,17/11/2016
18,Noelani Grewes,Yacero,ngrewesh@istockphoto.com,3062513478,Holdlamis,Once upon a time,Janitor,Look at me,01001001010,11.7.2018,28/8/2018,15/4/2016
19,Aeriell Elintune,Meedoo,aelintunei@g.co,1984597266,Domainer,Weekend project,Janitor,This is a message,01001001010,20.8.2018,24/5/2018,21/1/2018
20,Freida Dundon,Rhyloo,fdundonj@craigslist.org,7937053768,Zoolab,Once upon a time,building manager,Look at me,0101001000101010,22.5.2018,10/6/2016,16/7/2017
21,Allis Sagerson,Pixope,asagersonk@rambler.ru,5995544898,Overhold,Big big big big project,Janitor,Long message,01010101010010101010,29.1.2018,10/7/2018,23/5/2017
22,Malissa Clementet,Oloo,mclementetl@ow.ly,4397956365,Cardify,Weekend project,Janitor,This is a message,01010101010101011001001,20.8.2017,14/1/2017,21/3/2017
23,Katina Garci,Katz,kgarcim@barnesandnoble.com,9459439521,Vagram,Once upon a time,Director,Look at me,01010101010010101010,27.6.2017,6/12/2018,5/1/2019
24,Ransell Cursey,Twiyo,rcurseyn@mtv.com,4544639769,Lotlux,Top secret project,Director,Look at me,0101001000101010,7.6.2018,30/4/2016,29/9/2016
25,Jaquenette Erdely,Skibox,jerdelyo@economist.com,4653080029,Domainer,Big big big big project,building manager,Long message,01010101010101011001001,12.6.2016,7/11/2018,11/5/2016
26,Xavier Duggary,Kwimbee,xduggaryp@dailymail.co.uk,5296596500,Quo Lux,Top secret project,Building operator,This is a message,01010101010101011001001,24.4.2017,22/4/2017,16/1/2017
27,La verne Gallyon,Voomm,lverneq@canalblog.com,1002061030,Bytecard,Once upon a time,Director,This is a message,0101001000101010,7.6.2017,5/3/2017,26/1/2019
28,Cristiano Philipson,Topdrive,cphilipsonr@squarespace.com,5788075158,Sonsing,Once upon a time,Building operator,This is a message,01001001010,28.3.2017,10/2/2018,29/8/2017
29,Georgine Fleischmann,Topicstorm,gfleischmanns@vistaprint.com,2067320213,Viva,Weekend project,building manager,This is a message,01010101010010101010,11.5.2018,26/8/2017,12/9/2017
30,Jakie Cockburn,Izio,jcockburnt@prweb.com,1052984447,Flexidy,Big big big big project,Director,Look at me,01001001010,14.9.2018,22/12/2016,9/7/2017
31,Lock Churms,Thoughtsphere,lchurmsu@xinhuanet.com,1209782767,Tampflex,Big big big big project,Building operator,Look at me,01001001010,26.10.2017,9/5/2017,28/12/2017
32,Augy Marshallsay,Thoughtworks,amarshallsayv@feedburner.com,4094700449,Konklux,Top secret project,Director,Look at me,0101001000101010,29.4.2016,12/11/2017,24/6/2016
33,Robinet Ebsworth,Devpulse,rebsworthw@360.cn,3777802988,Redhold,Weekend project,Director,Long message,01010101010101011001001,13.12.2018,18/7/2016,14/8/2018
34,Durward Wesson,Mybuzz,dwessonx@google.com.hk,2383097269,Solarbreeze,Weekend project,Janitor,Long message,0101001000101010,7.3.2018,26/6/2017,5/2/2018
35,Cad Ledur,Zava,cledury@ebay.com,6721796758,Zamit,Weekend project,Janitor,This is a message,01010101010010101010,24.10.2016,5/2/2017,2/12/2016
36,Chloris Kyngdon,Latz,ckyngdonz@reference.com,9195846208,Aerified,Once upon a time,Building operator,This is a message,0101001000101010,17.9.2018,25/9/2018,31/8/2018
37,Nikki Happer,Voonix,nhapper10@google.co.uk,5596985864,Zamit,Top secret project,Director,This is a message,01010101010101011001001,5.7.2017,22/7/2018,18/3/2016
38,Hilly Ellissen,Dynabox,hellissen11@storify.com,5375083080,Lotstring,Top secret project,Janitor,Look at me,01010101010010101010,13.5.2016,12/12/2018,18/9/2016
39,Hermie Handford,Trunyx,hhandford12@sciencedaily.com,1113265938,Daltfresh,Top secret project,Janitor,Look at me,01010101010010101010,1.8.2016,3/9/2018,27/10/2018
40,Leoline Ferrieri,Jamia,lferrieri13@elpais.com,9292141922,Tresom,Top secret project,Building operator,This is a message,01010101010101011001001,11.6.2017,20/3/2017,28/6/2017
41,Sherman Itzcovich,Kare,sitzcovich14@tiny.cc,3214978487,Wrapsafe,Big big big big project,building manager,This is a message,01001001010,16.12.2017,13/3/2017,15/8/2017
42,Bobbi Bruhke,Roombo,bbruhke15@wunderground.com,7526116469,Y-Solowarm,Once upon a time,building manager,Look at me,01001001010,10.6.2018,27/3/2016,9/12/2017
43,Pat Girardot,Bluejam,pgirardot16@networksolutions.com,3564798326,Ronstring,Top secret project,building manager,Look at me,01010101010101011001001,16.8.2018,2/5/2017,28/4/2017
44,Camey Ricketts,Gabvine,cricketts17@admin.ch,6842839947,Quo Lux,Big big big big project,Janitor,This is a message,01001001010,21.9.2017,22/12/2017,19/3/2016
45,Shauna Voice,Gigazoom,svoice18@seesaa.net,5143210330,Gembucket,Top secret project,Building operator,Look at me,01010101010101011001001,4.1.2018,7/4/2016,11/11/2017
46,Theodore Roan,Feedfish,troan19@chron.com,7842694984,Temp,Once upon a time,Building operator,Long message,01010101010101011001001,20.7.2017,26/12/2018,7/11/2018
47,Patrizia Croysdale,Lajo,pcroysdale1a@gmpg.org,9312016002,Sub-Ex,Top secret project,Director,Look at me,01001001010,19.9.2018,3/6/2018,2/3/2017
48,Genevra Hards,Blogpad,ghards1b@eepurl.com,2099988515,Mat Lam Tam,Big big big big project,Director,This is a message,01001001010,19.4.2017,10/3/2018,4/3/2018
49,Lew Savatier,Jayo,lsavatier1c@hatena.ne.jp,5302921803,Tin,Once upon a time,building manager,Look at me,0101001000101010,3.5.2016,25/9/2017,16/5/2018
50,Rozella Robinet,Voomm,rrobinet1d@bravesites.com,3679956367,Temp,Once upon a time,Director,Look at me,01010101010101011001001,3.2.2019,21/7/2017,9/11/2017
51,North Backshell,Avaveo,nbackshell1e@amazon.com,1688338369,Bigtax,Top secret project,Building operator,This is a message,0101001000101010,16.2.2017,12/8/2016,17/7/2017
52,Cary Maytom,BlogXS,cmaytom1f@deliciousdays.com,1995687166,Ventosanzap,Once upon a time,Director,This is a message,01010101010101011001001,11.7.2017,20/10/2016,7/12/2018
53,Teodor Laws,Kwimbee,tlaws1g@cbslocal.com,2506824482,Alpha,Big big big big project,building manager,Look at me,01001001010,31.8.2017,6/6/2017,21/4/2017
54,Minna Rendall,Dabshots,mrendall1h@barnesandnoble.com,6414272522,Stringtough,Big big big big project,building manager,Look at me,0101001000101010,13.5.2018,7/1/2018,26/7/2016
55,Thane Mowles,Digitube,tmowles1i@unblog.fr,4119804411,Solarbreeze,Big big big big project,Director,This is a message,01010101010101011001001,28.6.2018,1/7/2017,3/3/2017
56,Jolie Barnardo,Voonyx,jbarnardo1j@i2i.jp,1669964510,Span,Big big big big project,Building operator,Long message,01010101010101011001001,24.7.2016,30/3/2018,4/11/2018
57,Abraham Dannel,Aimbu,adannel1k@usatoday.com,5774207739,Cookley,Once upon a time,Building operator,Long message,01001001010,31.12.2017,23/2/2019,4/4/2016
58,Kellyann Flagg,Zoomzone,kflagg1l@digg.com,4842102125,Zathin,Big big big big project,Building operator,Long message,01010101010010101010,22.9.2017,4/11/2016,3/11/2016
59,Jacklyn Ramsbotham,Mudo,jramsbotham1m@narod.ru,5928774286,Toughjoyfax,Big big big big project,building manager,Look at me,01001001010,9.2.2017,24/3/2016,18/2/2018
60,Nisse Seage,Youspan,nseage1n@time.com,7193353809,Treeflex,Once upon a time,Building operator,Long message,0101001000101010,10.12.2016,16/12/2017,2/1/2017
61,Sarene Hryskiewicz,Fatz,shryskiewicz1o@psu.edu,6434398343,Opela,Big big big big project,Janitor,Long message,0101001000101010,8.5.2017,10/10/2018,31/8/2017
62,Mariska Cheesley,Topdrive,mcheesley1p@army.mil,5619477650,Y-find,Weekend project,Director,Look at me,01010101010010101010,15.6.2018,7/3/2017,28/6/2016
63,Alonso Whillock,Feedspan,awhillock1q@opera.com,9395421116,Fintone,Weekend project,Building operator,This is a message,01010101010101011001001,1.11.2016,2/8/2016,29/8/2017
64,Agnese Vankov,Voomm,avankov1r@elpais.com,1221103906,It,Big big big big project,Building operator,This is a message,01010101010010101010,27.11.2018,1/8/2018,8/3/2018
65,Marlena Kleisel,Chatterbridge,mkleisel1s@yandex.ru,3785285648,Overhold,Weekend project,Director,Long message,01001001010,2.5.2017,5/6/2018,14/3/2016
66,Janetta Biernacki,Jabberstorm,jbiernacki1t@google.co.jp,7542445539,Zontrax,Once upon a time,Building operator,This is a message,01001001010,4.10.2016,25/3/2018,27/2/2017
67,Karylin Roughsedge,Omba,kroughsedge1u@meetup.com,7907599008,Fix San,Once upon a time,building manager,Look at me,0101001000101010,11.10.2018,17/5/2017,6/5/2017
68,Olivette Tighe,Brightdog,otighe1v@xing.com,5988656264,Bamity,Weekend project,Janitor,Look at me,01010101010101011001001,21.6.2016,7/5/2018,21/11/2016
69,Blisse Choffin,Latz,bchoffin1w@dell.com,8003867728,It,Weekend project,Building operator,Look at me,01001001010,12.8.2016,31/3/2016,5/6/2018
70,Noellyn Poyner,Feedmix,npoyner1x@feedburner.com,7124162941,Bitwolf,Big big big big project,Building operator,This is a message,01001001010,8.3.2018,6/1/2018,11/2/2019
71,Elyn Parris,Jabbercube,eparris1y@webs.com,4456253248,Trippledex,Big big big big project,Janitor,This is a message,01001001010,7.4.2016,16/10/2016,8/6/2017
72,Sholom Papaccio,Topiczoom,spapaccio1z@google.com.hk,5023651779,Cookley,Top secret project,Director,Long message,01010101010101011001001,27.4.2016,31/10/2018,5/11/2018
73,Markus Nichols,Livetube,mnichols20@ca.gov,8026562086,Tresom,Top secret project,building manager,Long message,01001001010,28.10.2017,14/11/2018,23/4/2017
74,Paola Blennerhassett,Rooxo,pblennerhassett21@parallels.com,8635941271,Holdlamis,Once upon a time,building manager,Look at me,0101001000101010,5.2.2019,13/4/2018,7/9/2018
75,Alysia Ashment,Edgeify,aashment22@cnbc.com,2082551090,Ventosanzap,Weekend project,Janitor,Look at me,01010101010101011001001,22.12.2016,3/1/2019,7/4/2016
76,Wheeler Burney,Muxo,wburney23@github.com,8105594806,Asoka,Weekend project,Director,Long message,01010101010010101010,10.9.2018,24/6/2018,7/4/2017
77,Tabby Hanley,Tagfeed,thanley24@nymag.com,5586584702,Biodex,Top secret project,Building operator,Look at me,0101001000101010,22.6.2016,25/11/2018,19/7/2016
78,Theobald Clampin,Meezzy,tclampin25@dailymail.co.uk,7344812068,Subin,Once upon a time,Director,Look at me,01010101010010101010,23.8.2016,22/7/2017,8/11/2018
79,Martita Haugh,Ainyx,mhaugh26@goo.gl,3617962924,Bitwolf,Weekend project,Director,Long message,01010101010010101010,1.7.2017,10/1/2017,22/12/2017
80,Helsa Wigfall,Blogtags,hwigfall27@globo.com,5177506994,Rank,Top secret project,building manager,This is a message,01010101010010101010,28.9.2017,17/2/2019,2/1/2017
81,Lee Parkinson,Kaymbo,lparkinson28@surveymonkey.com,5752932186,Hatity,Big big big big project,Building operator,Look at me,01010101010010101010,2.6.2016,11/4/2016,28/8/2017
82,Hymie Manterfield,Wordify,hmanterfield29@blogger.com,3913805371,Tampflex,Top secret project,building manager,Long message,01010101010101011001001,9.7.2018,17/6/2018,11/10/2018
83,Pembroke Gourlay,Edgepulse,pgourlay2a@networksolutions.com,5233149267,Biodex,Weekend project,Building operator,Long message,01010101010010101010,5.2.2019,7/12/2018,2/10/2018
84,Ardine Ruste,Divape,aruste2b@flavors.me,6952591154,Daltfresh,Weekend project,Janitor,This is a message,01010101010010101010,12.4.2018,24/2/2019,24/6/2016
85,Kynthia Farens,Skidoo,kfarens2c@dedecms.com,4812436582,Prodder,Once upon a time,Janitor,Look at me,01010101010101011001001,26.6.2018,29/8/2017,2/5/2017
86,Chrissie Gandey,Lazzy,cgandey2d@walmart.com,3224466048,Konklux,Weekend project,building manager,This is a message,01010101010101011001001,7.11.2017,17/7/2016,9/6/2018
87,Pepi Spain,Demimbu,pspain2e@constantcontact.com,4598840957,Asoka,Once upon a time,Building operator,This is a message,01010101010010101010,9.2.2017,14/4/2017,21/2/2017
88,Olivette Atteridge,Izio,oatteridge2f@spiegel.de,8113683223,Fix San,Big big big big project,Director,Long message,01010101010010101010,13.1.2018,26/8/2018,18/5/2018
89,Hoyt Congreve,Linktype,hcongreve2g@globo.com,8693155150,Regrant,Weekend project,building manager,Long message,01010101010010101010,17.5.2016,8/3/2017,19/12/2018
90,Dickie Jacmard,Zoonder,djacmard2h@purevolume.com,4312785808,Tin,Big big big big project,Director,Look at me,01010101010010101010,11.12.2016,10/10/2016,7/12/2016
91,Norrie Divell,Tagchat,ndivell2i@wufoo.com,5266444787,Keylex,Once upon a time,Janitor,Look at me,01001001010,30.12.2018,18/9/2018,20/4/2017
92,Jamison Lundbeck,Realbridge,jlundbeck2j@blogger.com,5951473347,Alpha,Weekend project,Building operator,Long message,01010101010101011001001,11.8.2016,20/5/2016,7/12/2016
93,Bourke McNevin,Skajo,bmcnevin2k@myspace.com,3021505627,Latlux,Top secret project,building manager,Look at me,01010101010010101010,9.2.2018,2/8/2017,6/12/2018
94,Gusella Genthner,Skinte,ggenthner2l@state.gov,8384377953,Ronstring,Top secret project,Building operator,Long message,01010101010010101010,10.1.2019,14/8/2016,13/1/2017
95,Augustine Jagels,Blognation,ajagels2m@scribd.com,5983271063,Bitchip,Top secret project,Janitor,Look at me,01001001010,21.5.2017,31/7/2017,14/1/2017
96,Tanny Rudgley,Flipopia,trudgley2n@imageshack.us,6834327136,Voyatouch,Weekend project,Building operator,This is a message,01001001010,16.7.2016,18/10/2016,23/5/2017
97,Tessie Hambridge,Zoombeat,thambridge2o@nymag.com,2826204926,Stronghold,Top secret project,Director,This is a message,01010101010101011001001,22.3.2016,8/2/2017,13/3/2019
98,Wrennie Floyed,Wikizz,wfloyed2p@naver.com,8095450121,Job,Big big big big project,Building operator,Long message,01001001010,31.1.2019,23/12/2017,7/5/2016
99,Willem Corkan,BlogXS,wcorkan2q@hatena.ne.jp,3393396048,Ronstring,Top secret project,Janitor,Long message,01010101010101011001001,15.1.2017,29/1/2017,28/6/2016
100,Ranee Benedetti,Dynazzy,rbenedetti2r@nbcnews.com,8405296666,Zathin,Once upon a time,Director,Long message,0101001000101010,6.12.2016,19/4/2017,26/6/2016
101,Veronike Forrest,Topicblab,vforrest2s@posterous.com,8485795762,Mat Lam Tam,Big big big big project,Building operator,Long message,01001001010,12.9.2018,22/1/2017,18/12/2017
102,Tallie Logsdale,Plajo,tlogsdale2t@vkontakte.ru,1454668392,Gembucket,Weekend project,building manager,Look at me,01001001010,30.7.2016,1/8/2017,22/7/2018
103,Susie Kindon,Fliptune,skindon2u@weebly.com,6778097043,Opela,Top secret project,Director,This is a message,01010101010101011001001,30.8.2017,13/12/2016,23/6/2017
104,Werner Lovekin,Eimbee,wlovekin2v@usatoday.com,3138848151,Wrapsafe,Weekend project,Building operator,This is a message,0101001000101010,11.1.2018,12/11/2017,25/6/2018
105,Ansel Rioch,Wordware,arioch2w@edublogs.org,5689728199,Stringtough,Weekend project,Janitor,Long message,01010101010010101010,27.11.2018,4/7/2016,28/1/2019
106,Lexie Jouannin,Demivee,ljouannin2x@apache.org,8758899718,Transcof,Big big big big project,building manager,Long message,01001001010,3.4.2018,30/5/2018,5/10/2016
107,Trudy Iskowitz,Shuffletag,tiskowitz2y@1und1.de,5075611497,Keylex,Weekend project,Building operator,This is a message,0101001000101010,8.5.2016,20/9/2018,23/7/2018
108,Herbie Hartshorne,Vipe,hhartshorne2z@netvibes.com,9782358850,Daltfresh,Weekend project,Janitor,Look at me,01001001010,26.10.2016,18/6/2017,6/5/2016
109,Phineas Blackster,Dazzlesphere,pblackster30@ifeng.com,4359324394,Bigtax,Weekend project,building manager,This is a message,01001001010,20.2.2017,19/6/2016,18/11/2018
110,King Lawdham,Gevee,klawdham31@yandex.ru,8313939177,Sonsing,Big big big big project,building manager,This is a message,01010101010010101010,16.9.2016,26/1/2018,2/1/2018
111,Kary Philippault,Jetwire,kphilippault32@so-net.ne.jp,2298492891,Solarbreeze,Once upon a time,Building operator,Long message,01010101010101011001001,14.6.2016,4/12/2016,9/9/2017
112,Lilla Melior,Miboo,lmelior33@sitemeter.com,4129483890,Bytecard,Weekend project,Building operator,Look at me,01001001010,19.1.2019,17/9/2016,6/10/2017
113,Lauri Dowall,Tekfly,ldowall34@wsj.com,2437341289,Regrant,Top secret project,building manager,Look at me,01010101010010101010,16.8.2016,11/7/2016,10/6/2018
114,Hazlett Squire,Tagpad,hsquire35@cdbaby.com,8849669918,Bitchip,Big big big big project,building manager,This is a message,01010101010010101010,3.9.2016,1/10/2017,11/8/2018
115,Earlie Marshfield,Riffpath,emarshfield36@etsy.com,1962306912,Tin,Once upon a time,Building operator,Look at me,01010101010010101010,21.12.2017,25/7/2016,24/7/2016
116,Megen Levitt,Brainverse,mlevitt37@unblog.fr,4101872733,Flowdesk,Weekend project,Building operator,This is a message,01010101010101011001001,13.2.2017,9/9/2016,22/7/2017
117,Jacklyn Haseldine,Yambee,jhaseldine38@networksolutions.com,1328145997,Konklab,Weekend project,Janitor,This is a message,01010101010101011001001,4.4.2016,2/8/2017,28/5/2016
118,Mikael Fargie,Meejo,mfargie39@wix.com,2681453385,Stringtough,Weekend project,Building operator,This is a message,0101001000101010,5.6.2017,27/10/2017,21/3/2017
119,Sandie Polkinhorn,Meezzy,spolkinhorn3a@marketwatch.com,3578543842,Stringtough,Big big big big project,Director,Look at me,01001001010,2.7.2016,1/10/2016,5/2/2017
120,Myrilla Lemme,Vidoo,mlemme3b@cdbaby.com,2676631857,Zamit,Big big big big project,Janitor,This is a message,0101001000101010,12.7.2016,20/11/2017,4/12/2017
121,Miquela Killerby,Wikibox,mkillerby3c@craigslist.org,2487227080,Zaam-Dox,Once upon a time,Janitor,Long message,0101001000101010,10.10.2016,22/5/2018,3/5/2016
122,Rafaela Le Surf,Flashpoint,rle3d@wikipedia.org,5998589385,Pannier,Big big big big project,Janitor,Look at me,0101001000101010,28.12.2018,3/8/2016,27/9/2016
123,Alejandro Gillam,Yozio,agillam3e@deliciousdays.com,5099859015,Voyatouch,Weekend project,Janitor,Long message,0101001000101010,7.3.2018,24/1/2019,21/9/2017
124,Trina Lefort,Skajo,tlefort3f@goo.ne.jp,8021402215,Otcom,Weekend project,Director,This is a message,01010101010010101010,22.4.2017,27/10/2017,13/12/2016
125,Ingrim Poppleton,Cogibox,ipoppleton3g@wikispaces.com,4485289384,Home Ing,Big big big big project,building manager,Long message,01010101010010101010,29.11.2017,2/5/2016,17/7/2017
126,Osborn Bjerkan,Flashset,objerkan3h@walmart.com,6703818710,Holdlamis,Big big big big project,Janitor,Look at me,01010101010101011001001,5.2.2017,9/9/2017,5/2/2019
127,Barbabra Magson,Buzzshare,bmagson3i@github.io,5702173447,Asoka,Top secret project,Building operator,This is a message,01010101010101011001001,26.5.2017,22/1/2019,19/9/2017
128,Nellie Ormiston,Ailane,normiston3j@theatlantic.com,1461842459,Pannier,Top secret project,building manager,Long message,01001001010,1.1.2018,3/11/2016,4/9/2016
129,Correy Orans,Topicstorm,corans3k@uol.com.br,1956368317,Tampflex,Weekend project,Director,This is a message,01010101010101011001001,14.9.2016,16/7/2016,2/9/2017
130,Lyle Riccio,Edgeify,lriccio3l@github.com,4499611326,Fintone,Once upon a time,Building operator,Look at me,0101001000101010,31.5.2016,4/12/2016,5/11/2017
131,Rosaline OHollegan,Innojam,rohollegan3m@rakuten.co.jp,4503546237,Vagram,Weekend project,building manager,This is a message,0101001000101010,18.2.2018,28/9/2016,9/11/2016
132,Justinian Hallmark,Browsecat,jhallmark3n@stanford.edu,1498409799,Aerified,Weekend project,building manager,Long message,01010101010101011001001,18.9.2017,29/3/2018,28/1/2018
133,Alyss Scriviner,Skalith,ascriviner3o@rambler.ru,4108944399,Opela,Once upon a time,building manager,Look at me,01001001010,30.10.2017,8/7/2016,21/12/2017
134,Cherilynn McCane,Mymm,cmccane3p@weibo.com,5543957123,Overhold,Weekend project,building manager,This is a message,01010101010101011001001,11.5.2018,30/10/2017,10/8/2018
135,Betti Chanter,Thoughtsphere,bchanter3q@ca.gov,3227252339,Stronghold,Top secret project,building manager,Long message,0101001000101010,1.10.2017,8/6/2018,3/4/2018
136,Nanete Liebrecht,Tagchat,nliebrecht3r@cpanel.net,7155712866,Cardguard,Weekend project,Janitor,Look at me,01010101010101011001001,5.8.2018,22/1/2018,26/3/2018
137,Koressa Croyser,Gigabox,kcroyser3s@bloglines.com,6802341574,Voltsillam,Once upon a time,Janitor,Long message,0101001000101010,14.10.2016,3/11/2018,3/1/2019
138,Bronson Widdocks,Jabbercube,bwiddocks3t@bloomberg.com,8716075364,Asoka,Big big big big project,building manager,This is a message,01001001010,27.6.2017,18/5/2016,2/11/2016
139,Ash Bowe,Mynte,abowe3u@amazon.com,9377885978,Bitchip,Top secret project,Director,Long message,01001001010,23.9.2016,17/11/2017,6/2/2018
140,Olly Polfer,Realbuzz,opolfer3v@nasa.gov,4694131788,Bitwolf,Once upon a time,Building operator,This is a message,01010101010010101010,15.6.2018,11/2/2019,8/9/2018
141,Fanni Andrasch,Kwimbee,fandrasch3w@addthis.com,1118206055,Bitwolf,Top secret project,building manager,This is a message,01010101010101011001001,2.11.2016,14/3/2017,10/4/2017
142,Rita OHara,Trilith,rohara3x@webmd.com,4079927324,Toughjoyfax,Weekend project,Director,Long message,01010101010101011001001,4.11.2016,4/12/2018,4/5/2018
143,Fredrika Soden,Voomm,fsoden3y@gnu.org,9162442846,Aerified,Weekend project,Building operator,This is a message,01010101010010101010,9.11.2016,9/8/2018,16/2/2018
144,Torre Runge,Podcat,trunge3z@bravesites.com,3941141221,Daltfresh,Top secret project,Building operator,Long message,01010101010101011001001,28.1.2019,3/1/2019,24/11/2017
145,Hedvig Lamport,Jatri,hlamport40@elpais.com,2646089554,Tres-Zap,Once upon a time,Director,Look at me,01010101010101011001001,13.8.2016,7/6/2018,4/1/2018
146,Amble Le Count,Photobug,ale41@symantec.com,9512832492,Holdlamis,Big big big big project,Building operator,Look at me,01010101010010101010,7.6.2016,25/7/2017,30/9/2017
147,Bax Hing,Zoomlounge,bhing42@quantcast.com,3723924166,Prodder,Big big big big project,Director,Long message,01010101010101011001001,21.10.2018,27/1/2019,1/4/2017
148,Gael Canfer,Kanoodle,gcanfer43@ifeng.com,7047167957,Sonsing,Top secret project,Janitor,Look at me,0101001000101010,27.2.2019,30/7/2018,11/5/2017
149,Geneva MacGinley,Yata,gmacginley44@slideshare.net,6552672848,It,Big big big big project,Building operator,Long message,01010101010010101010,14.11.2017,12/4/2017,6/8/2018
150,Susana Cloughton,Topicstorm,scloughton45@about.com,1381628600,Solarbreeze,Big big big big project,building manager,This is a message,0101001000101010,21.9.2016,7/8/2017,7/2/2017
151,Emmott Tully,Yamia,etully46@cbc.ca,2519773391,Job,Weekend project,Building operator,Long message,01010101010101011001001,13.11.2018,21/4/2016,25/4/2018
152,Northrop Hamsher,Blognation,nhamsher47@goo.ne.jp,6477652674,Veribet,Once upon a time,Janitor,Look at me,01010101010101011001001,15.5.2016,22/2/2018,17/8/2017
153,Diena Millington,Photofeed,dmillington48@youku.com,5562342637,Quo Lux,Big big big big project,Building operator,Long message,0101001000101010,2.11.2018,14/11/2018,18/8/2017
154,Marten Antonelli,Trunyx,mantonelli49@seattletimes.com,6335883431,Sonsing,Weekend project,Director,Look at me,0101001000101010,19.11.2018,5/3/2018,16/12/2017
155,Juli Karlolak,Aimbo,jkarlolak4a@yale.edu,3666698003,Konklux,Weekend project,Janitor,Look at me,01010101010010101010,20.12.2018,21/8/2016,27/6/2017
156,Worth Bambrugh,Thoughtblab,wbambrugh4b@cnet.com,9071314544,Rank,Weekend project,building manager,Look at me,01001001010,30.5.2018,2/9/2016,21/6/2017
157,Claudio McAw,Dynabox,cmcaw4c@biglobe.ne.jp,6422414255,Fintone,Big big big big project,Building operator,Long message,01010101010010101010,9.8.2018,29/9/2018,17/4/2018
158,Clementina Goshawke,Brainbox,cgoshawke4d@businessweek.com,4467879741,Overhold,Once upon a time,Building operator,Long message,01010101010101011001001,4.12.2017,21/3/2017,30/12/2017
159,Cherice O Dooley,Eire,co4e@discuz.net,9251884262,Zontrax,Weekend project,Director,This is a message,0101001000101010,29.1.2019,18/1/2017,9/5/2017
160,Levon Clamp,Voonder,lclamp4f@webnode.com,2057023128,Tampflex,Once upon a time,Janitor,This is a message,01010101010101011001001,31.8.2018,2/10/2017,3/2/2017
161,Em Lyard,Digitube,elyard4g@google.com,6311890752,Viva,Big big big big project,Building operator,Long message,01001001010,18.1.2017,19/9/2018,7/1/2017
162,Christie Jacqueme,Zoomdog,cjacqueme4h@cargocollective.com,9222435119,Fintone,Big big big big project,Janitor,This is a message,01010101010101011001001,12.2.2018,17/10/2016,10/6/2017
163,Filide Bauldry,Meetz,fbauldry4i@google.de,4172127459,Subin,Top secret project,Janitor,Long message,01001001010,5.12.2018,20/8/2016,2/4/2016
164,Laetitia Arden,Mybuzz,larden4j@addthis.com,4445627138,Bitchip,Top secret project,Building operator,Look at me,01001001010,15.2.2019,19/6/2017,27/1/2018
165,Aharon Crampsey,Jayo,acrampsey4k@ehow.com,1229015752,Bamity,Top secret project,Director,Long message,0101001000101010,4.7.2017,24/1/2018,10/6/2018
166,Oliy Chamley,Zoombox,ochamley4l@nydailynews.com,4111609746,Tresom,Big big big big project,Building operator,Look at me,01001001010,23.9.2018,24/10/2017,15/6/2017
167,Bess Shirley,Twiyo,bshirley4m@unc.edu,9946202356,Fix San,Weekend project,Janitor,Look at me,01010101010010101010,23.1.2018,19/9/2018,6/8/2016
168,Olvan Bagge,Gabvine,obagge4n@jigsy.com,4103097666,Regrant,Weekend project,building manager,This is a message,01010101010010101010,7.11.2018,11/10/2016,29/7/2017
169,Gradeigh Ingilson,Rhyloo,gingilson4o@ihg.com,5574310250,Aerified,Once upon a time,Director,Look at me,01001001010,27.12.2017,25/9/2018,27/3/2017
170,Rurik Lillistone,Photolist,rlillistone4p@msu.edu,7064868947,Lotlux,Big big big big project,building manager,Long message,01010101010101011001001,2.6.2018,21/1/2018,2/5/2018
171,Tammy Adanez,Fiveclub,tadanez4q@sohu.com,9446165726,Fintone,Top secret project,Janitor,This is a message,0101001000101010,15.12.2017,20/4/2018,24/5/2017
172,Pat Wardlow,Meeveo,pwardlow4r@scientificamerican.com,6202468236,Job,Top secret project,Director,Long message,0101001000101010,13.4.2017,26/5/2018,18/7/2017
173,Hinda Maffia,Vipe,hmaffia4s@ow.ly,1751933134,Job,Once upon a time,building manager,This is a message,0101001000101010,14.8.2016,27/10/2016,2/6/2018
174,Cilka Billison,Abatz,cbillison4t@archive.org,6618807248,Flowdesk,Top secret project,Building operator,Look at me,01010101010101011001001,25.7.2018,31/10/2016,22/12/2018
175,Raven MacClancey,Buzzster,rmacclancey4u@twitter.com,4199361451,Subin,Top secret project,Building operator,This is a message,01001001010,29.4.2016,16/7/2018,26/8/2017
176,Sheila-kathryn Aleksashin,Yadel,saleksashin4v@yellowbook.com,3692237509,Wrapsafe,Weekend project,Director,Long message,01001001010,23.9.2018,5/11/2016,10/10/2016
177,Blinnie Nilges,Youbridge,bnilges4w@forbes.com,3667417270,Tempsoft,Big big big big project,Building operator,Long message,01010101010010101010,20.7.2016,13/8/2017,11/6/2016
178,Nichole Moorerud,Youopia,nmoorerud4x@slate.com,6063086959,Stringtough,Top secret project,Janitor,Long message,01010101010010101010,20.6.2018,28/10/2017,28/7/2017
179,Goldina Small,Dynazzy,gsmall4y@dion.ne.jp,9048466570,Sonair,Top secret project,Building operator,Long message,0101001000101010,8.1.2019,5/8/2016,9/1/2019
180,Ulysses Fransson,Yodoo,ufransson4z@de.vu,8441726052,Keylex,Weekend project,Janitor,Long message,01010101010010101010,21.5.2017,12/10/2018,3/1/2017
181,Silva Crowther,Trilia,scrowther50@businessinsider.com,6028958612,Konklux,Once upon a time,Janitor,Look at me,01010101010101011001001,2.8.2018,25/9/2016,19/11/2016
182,Mab Spain-Gower,Vidoo,mspaingower51@alexa.com,6091105016,Stim,Top secret project,Janitor,This is a message,01010101010101011001001,26.6.2018,24/12/2016,14/1/2019
183,Luciana Hannam,Browseblab,lhannam52@admin.ch,4518628888,Cardify,Once upon a time,Janitor,This is a message,01010101010101011001001,26.11.2018,29/12/2018,14/8/2016
184,Celestyn Sieur,Yakidoo,csieur53@php.net,5537008970,It,Weekend project,Building operator,Look at me,01010101010010101010,18.11.2016,8/8/2016,3/11/2018
185,Vilma Bohan,Jaxspan,vbohan54@mayoclinic.com,8027586480,Viva,Big big big big project,building manager,Look at me,01010101010101011001001,3.5.2018,5/9/2017,26/10/2016
186,Natalie Sawter,Voonix,nsawter55@dmoz.org,6923244541,Treeflex,Weekend project,Janitor,Look at me,0101001000101010,24.2.2017,21/7/2016,2/10/2016
187,Maude Lambart,Bubblebox,mlambart56@tamu.edu,1079096607,Fix San,Top secret project,Director,This is a message,01010101010010101010,23.12.2017,12/2/2019,14/9/2018
188,Earl Yitzhakof,Kayveo,eyitzhakof57@mail.ru,5201654405,Sub-Ex,Once upon a time,building manager,Long message,0101001000101010,22.7.2018,17/9/2016,16/11/2016
189,Hill Giacomoni,JumpXS,hgiacomoni58@creativecommons.org,4805893087,Bytecard,Top secret project,Janitor,Look at me,01010101010101011001001,24.2.2018,16/3/2016,12/7/2016
190,Felice Maffi,Thoughtworks,fmaffi59@theatlantic.com,4256111096,Opela,Big big big big project,Janitor,Look at me,0101001000101010,21.8.2017,14/9/2017,20/1/2018
191,Isidore Malkie,Rhycero,imalkie5a@jiathis.com,7183560945,Konklux,Once upon a time,Director,Long message,01010101010010101010,2.3.2017,18/10/2017,16/11/2018
192,Fanchon Wealleans,Demivee,fwealleans5b@bloglovin.com,6493795150,Alphazap,Top secret project,building manager,Look at me,0101001000101010,13.1.2017,13/2/2017,14/1/2018
193,Sax Gaine,Yotz,sgaine5c@51.la,7149094246,Vagram,Once upon a time,Janitor,This is a message,01001001010,18.10.2016,21/11/2016,11/8/2018
194,Allx Willoughley,Roombo,awilloughley5d@narod.ru,4352466516,Veribet,Big big big big project,Janitor,Look at me,01010101010010101010,28.12.2018,24/2/2018,4/9/2016
195,Corbie Vautin,Omba,cvautin5e@shutterfly.com,8719561125,Subin,Top secret project,Director,Look at me,01001001010,30.5.2017,29/6/2017,15/11/2017
196,Silvain Gelling,Tagcat,sgelling5f@ucsd.edu,8891715783,Sonair,Once upon a time,Building operator,This is a message,01010101010010101010,5.6.2017,30/7/2016,5/6/2016
197,Carolin Senior,Wordify,csenior5g@squidoo.com,6816561620,Trippledex,Big big big big project,Building operator,Look at me,01010101010101011001001,3.6.2016,8/6/2016,22/11/2017
198,Tessie Branscombe,Rooxo,tbranscombe5h@skyrock.com,6457281491,Treeflex,Big big big big project,building manager,Long message,01010101010010101010,9.4.2016,11/5/2016,23/1/2019
199,Leighton Greenleaf,Aivee,lgreenleaf5i@is.gd,5725833784,Cardguard,Once upon a time,building manager,This is a message,01010101010010101010,27.11.2018,19/5/2016,27/1/2018
200,Beitris Madgwich,Devpoint,bmadgwich5j@goo.ne.jp,9017793469,Lotstring,Big big big big project,Janitor,Long message,01010101010101011001001,3.10.2018,3/9/2016,15/5/2018
201,Carline Leyban,Eadel,cleyban5k@businesswire.com,7186710218,Trippledex,Once upon a time,Janitor,Look at me,0101001000101010,16.8.2016,21/8/2018,20/6/2017
202,Oliy Cisson,Youtags,ocisson5l@sogou.com,2433140255,Kanlam,Big big big big project,building manager,This is a message,01001001010,15.3.2016,13/4/2018,7/8/2018
203,Zechariah de Bullion,Livetube,zde5m@umich.edu,1591368440,Tres-Zap,Big big big big project,building manager,Look at me,01010101010010101010,31.10.2018,18/11/2016,18/1/2018
204,Marianne Scotts,Cogilith,mscotts5n@unblog.fr,5752389892,Gembucket,Once upon a time,Building operator,Look at me,0101001000101010,5.6.2017,30/6/2018,27/12/2018
205,Jerrilyn Toffaloni,Demizz,jtoffaloni5o@princeton.edu,8006391134,Treeflex,Top secret project,Building operator,Look at me,01001001010,23.11.2018,25/5/2018,5/9/2017
206,Celene Domanski,Eimbee,cdomanski5p@live.com,2877804581,Tresom,Top secret project,Janitor,Long message,01010101010010101010,14.6.2017,13/5/2016,30/10/2016
207,Charin Thompsett,Brainverse,cthompsett5q@quantcast.com,6751306164,Kanlam,Big big big big project,Janitor,Long message,01010101010010101010,19.9.2017,16/7/2017,20/5/2017
208,Hayley Rubroe,Oozz,hrubroe5r@independent.co.uk,6999837852,Daltfresh,Once upon a time,Building operator,This is a message,0101001000101010,23.4.2017,7/1/2017,22/4/2018
209,Smitty Ducham,Voomm,sducham5s@elpais.com,5638719009,Fix San,Once upon a time,Director,Long message,01010101010101011001001,13.7.2018,20/4/2017,16/1/2019
210,Nert Scandroot,Trunyx,nscandroot5t@reverbnation.com,9417316431,Greenlam,Weekend project,Janitor,Long message,01001001010,31.8.2016,16/10/2016,17/4/2016
211,Hy Wrighton,Buzzshare,hwrighton5u@blogspot.com,1104356606,Holdlamis,Top secret project,Director,Long message,01001001010,9.10.2016,18/10/2016,19/5/2017
212,Tobe Dameisele,Oyope,tdameisele5v@cbslocal.com,2907640821,Alpha,Weekend project,Janitor,Long message,0101001000101010,28.6.2016,4/6/2017,11/4/2017
213,Miguel Omrod,Linkbuzz,momrod5w@github.com,5005862189,Cookley,Big big big big project,Janitor,This is a message,01010101010101011001001,30.12.2018,28/10/2017,8/12/2017
214,Hedda Rowcastle,Aibox,hrowcastle5x@vimeo.com,1959561951,Solarbreeze,Big big big big project,Director,This is a message,01010101010010101010,17.6.2018,22/7/2016,18/5/2018
215,Angy Towell,Avavee,atowell5y@google.com.au,8476708162,Holdlamis,Once upon a time,Janitor,Look at me,01010101010010101010,8.11.2018,31/8/2016,18/5/2018
216,Trstram Dohmann,Centimia,tdohmann5z@angelfire.com,5903475778,Subin,Weekend project,Director,This is a message,01001001010,25.1.2017,17/6/2018,29/10/2016
217,Ingelbert Saffen,Voonder,isaffen60@tinypic.com,8532688126,Gembucket,Once upon a time,Janitor,This is a message,01010101010010101010,19.11.2016,18/1/2019,7/2/2019
218,Joella Maynard,Tagfeed,jmaynard61@ameblo.jp,2531855164,Tampflex,Big big big big project,Janitor,Long message,01001001010,20.12.2016,10/3/2018,8/3/2019
219,Koral Filgate,Thoughtstorm,kfilgate62@issuu.com,2418282783,Tampflex,Weekend project,Building operator,This is a message,0101001000101010,16.10.2017,17/2/2019,27/11/2016
220,Opaline Vitte,Talane,ovitte63@amazon.co.jp,5803544219,Bytecard,Top secret project,Janitor,This is a message,01010101010010101010,11.3.2018,30/11/2017,12/7/2017
221,Hedvig Debney,Mudo,hdebney64@blogtalkradio.com,3482084098,Regrant,Once upon a time,building manager,This is a message,0101001000101010,23.3.2016,23/12/2018,14/7/2016
222,Auberon Merkle,Jetpulse,amerkle65@craigslist.org,9728624232,Overhold,Top secret project,building manager,This is a message,01010101010010101010,20.6.2016,23/6/2018,16/11/2017
223,Winnie Dahlbom,Muxo,wdahlbom66@edublogs.org,4662419796,Mat Lam Tam,Weekend project,Janitor,Long message,0101001000101010,11.8.2018,10/2/2017,29/9/2016
224,Jacklin Raoult,Youspan,jraoult67@jiathis.com,6578897187,Bitchip,Top secret project,Janitor,Long message,01010101010101011001001,23.1.2018,4/11/2017,22/4/2018
225,Hinda Colam,Browsetype,hcolam68@archive.org,8076890119,Veribet,Top secret project,Director,Long message,01001001010,8.11.2018,15/12/2018,21/7/2017
226,Reginald Bulbeck,Trunyx,rbulbeck69@marketwatch.com,6805446018,Daltfresh,Big big big big project,Building operator,This is a message,01010101010101011001001,19.4.2018,26/6/2018,16/4/2017
227,Mart Loton,Zoozzy,mloton6a@uol.com.br,2681588927,Job,Once upon a time,Building operator,Look at me,01010101010010101010,8.1.2017,5/2/2019,8/1/2017
228,Brietta Heibel,Tagpad,bheibel6b@goodreads.com,5051086376,Temp,Big big big big project,Director,Look at me,01010101010010101010,9.2.2018,22/6/2016,15/1/2019
229,Merlina Varey,Twimm,mvarey6c@delicious.com,9931589268,Andalax,Weekend project,Building operator,Look at me,01001001010,22.6.2018,27/12/2018,11/7/2018
230,Shepperd Ayers,Realpoint,sayers6d@prweb.com,3266561202,Home Ing,Once upon a time,Building operator,Long message,0101001000101010,3.10.2018,29/12/2018,31/1/2018
231,Martino Collinge,Thoughtworks,mcollinge6e@t-online.de,5411867212,Prodder,Weekend project,Janitor,Long message,0101001000101010,12.7.2017,9/4/2016,4/4/2018
232,Yoko Jirek,Oloo,yjirek6f@stumbleupon.com,9184830518,Y-Solowarm,Weekend project,Building operator,Look at me,0101001000101010,23.8.2017,10/4/2017,16/11/2018
233,Krissy Spillett,Tazz,kspillett6g@scribd.com,1224292432,Y-find,Once upon a time,Janitor,Look at me,0101001000101010,26.4.2016,20/6/2016,20/3/2016
234,Maryjane Abry,Roodel,mabry6h@alexa.com,9608850990,Toughjoyfax,Once upon a time,Director,This is a message,01010101010101011001001,20.6.2018,4/6/2016,9/7/2017
235,Payton Whordley,Lajo,pwhordley6i@comsenz.com,9906593210,Overhold,Weekend project,building manager,Long message,01001001010,26.2.2019,28/7/2016,5/11/2017
236,Nil Dahl,Photobean,ndahl6j@cdbaby.com,9652536113,Home Ing,Big big big big project,building manager,This is a message,01001001010,26.9.2018,31/12/2017,28/12/2018
237,Maxy Bendley,Voonyx,mbendley6k@google.com,1894284395,Overhold,Big big big big project,building manager,Look at me,01001001010,21.3.2018,28/6/2016,23/10/2017
238,Packston Liddy,Wikizz,pliddy6l@google.de,4109377137,Fintone,Top secret project,building manager,Look at me,01010101010010101010,5.4.2017,27/7/2017,9/3/2017
239,Evelina Ritchard,Tagopia,eritchard6m@google.com.hk,4646515515,Konklab,Once upon a time,Director,Look at me,01001001010,10.8.2017,22/10/2018,21/5/2017
240,Bettine Lerwill,Edgewire,blerwill6n@yale.edu,2925589289,Trippledex,Once upon a time,Director,This is a message,01001001010,26.2.2019,30/7/2016,24/9/2018
241,Jordanna LArcher,Kamba,jlarcher6o@tripod.com,8226163398,Redhold,Weekend project,Director,Look at me,01001001010,26.8.2016,21/11/2016,20/7/2016
242,Deva Elsmore,Voonix,delsmore6p@miibeian.gov.cn,3201969434,Bitwolf,Weekend project,Janitor,Look at me,01010101010101011001001,4.7.2018,31/5/2017,16/9/2018
243,Kevon Riddler,Browsezoom,kriddler6q@examiner.com,3993203946,Fix San,Big big big big project,Building operator,This is a message,01010101010101011001001,24.8.2016,10/5/2016,24/1/2019
244,Alida Winham,Wordware,awinham6r@paginegialle.it,5569784424,Vagram,Once upon a time,Building operator,This is a message,0101001000101010,11.5.2017,4/4/2017,13/9/2017
245,Sig Phillis,Quinu,sphillis6s@cornell.edu,3772364647,Keylex,Weekend project,building manager,This is a message,0101001000101010,20.8.2016,27/5/2018,22/6/2017
246,Thor Wildbore,Wikivu,twildbore6t@sbwire.com,5122171585,Voyatouch,Once upon a time,Janitor,Look at me,0101001000101010,27.2.2018,26/12/2018,7/3/2018
247,Merrily Scyone,Geba,mscyone6u@livejournal.com,8757673229,Lotlux,Once upon a time,building manager,This is a message,01001001010,31.10.2018,26/9/2017,14/11/2018
248,Ilse Dowker,Omba,idowker6v@cbsnews.com,1584330390,Y-Solowarm,Once upon a time,Janitor,Look at me,01010101010010101010,29.10.2018,26/4/2018,18/11/2017
249,Phillipe Scroxton,Linkbridge,pscroxton6w@a8.net,9239599078,Cardguard,Weekend project,Janitor,Look at me,0101001000101010,27.4.2018,1/2/2018,18/6/2016
250,Marc Woolstenholmes,Muxo,mwoolstenholmes6x@goo.ne.jp,2156397084,Aerified,Weekend project,Building operator,Look at me,01001001010,2.1.2017,5/6/2017,22/7/2016
251,Sax Legen,Oyope,slegen6y@google.com.au,1089120659,Wrapsafe,Big big big big project,Director,Look at me,01010101010010101010,8.5.2016,23/9/2017,30/12/2017
252,Ella Lundie,Photospace,elundie6z@cpanel.net,4997364523,Asoka,Top secret project,Building operator,Long message,01001001010,22.8.2018,29/1/2017,6/1/2017
253,Nathanael Dupre,Yadel,ndupre70@unblog.fr,8186166702,Flowdesk,Once upon a time,Director,Look at me,01001001010,16.2.2017,19/10/2018,10/5/2018
254,Pearle Doig,Zoovu,pdoig71@npr.org,7976801828,Sonair,Big big big big project,Building operator,This is a message,01001001010,15.1.2018,22/1/2018,9/8/2018
255,Hayward Quigg,Meemm,hquigg72@jalbum.net,6587137823,Redhold,Once upon a time,building manager,Long message,01010101010101011001001,27.2.2017,8/2/2019,27/3/2016
256,Emmy Vondrys,Dazzlesphere,evondrys73@imdb.com,3166951519,Bigtax,Once upon a time,Janitor,Look at me,01001001010,11.1.2019,18/11/2018,15/12/2016
257,Pooh Maudlen,Abata,pmaudlen74@buzzfeed.com,6807532667,Span,Weekend project,building manager,Long message,0101001000101010,12.10.2016,2/4/2017,22/11/2017
258,Hartwell Marnane,Skyndu,hmarnane75@bloglovin.com,3286325783,Y-find,Once upon a time,building manager,Long message,01010101010101011001001,26.11.2016,16/12/2018,15/4/2017
259,Dorolice Boyn,Flipbug,dboyn76@state.gov,3373166538,Vagram,Top secret project,Janitor,This is a message,0101001000101010,18.1.2019,17/12/2018,27/8/2016
260,Isa Romeuf,Youbridge,iromeuf77@cbc.ca,8827971836,Stronghold,Top secret project,building manager,Long message,0101001000101010,24.9.2018,12/8/2017,28/3/2018
261,Petr Dovidian,Browsebug,pdovidian78@illinois.edu,2868045758,Sub-Ex,Top secret project,Janitor,Long message,01010101010101011001001,10.9.2016,28/4/2017,20/4/2017
262,Madelon MacGuiness,Skynoodle,mmacguiness79@sfgate.com,8622340763,Tresom,Weekend project,Janitor,Look at me,01001001010,22.4.2016,24/8/2018,19/11/2018
263,Eddi Brownsett,Photobug,ebrownsett7a@weebly.com,6857361614,Flexidy,Weekend project,Director,Look at me,01001001010,27.3.2016,27/5/2017,7/8/2018
264,Derrik Benettolo,Mydo,dbenettolo7b@europa.eu,1231396869,Job,Once upon a time,Director,This is a message,01010101010010101010,8.12.2018,17/6/2017,24/4/2017
265,Ferrel Mitchelmore,Vitz,fmitchelmore7c@shareasale.com,6008456313,Cardify,Once upon a time,Building operator,Long message,01010101010010101010,17.8.2016,7/6/2016,29/4/2017
266,Matthaeus ODuilleain,Jatri,moduilleain7d@mlb.com,5478895339,Trippledex,Top secret project,Janitor,This is a message,01010101010010101010,8.10.2017,12/1/2019,20/5/2016
267,Romeo Garretts,Jabberbean,rgarretts7e@delicious.com,6118082162,Cardify,Top secret project,Director,Look at me,01010101010010101010,6.1.2017,29/6/2016,6/8/2017
268,Dickie Scorer,Yakidoo,dscorer7f@eepurl.com,4503026378,Mat Lam Tam,Top secret project,Director,Long message,01001001010,5.6.2017,5/7/2016,6/12/2016
269,Dee Le Noir,Muxo,dle7g@histats.com,8486818682,Wrapsafe,Big big big big project,Building operator,Long message,01010101010101011001001,22.8.2018,7/9/2017,21/8/2016
270,Sadye Ruff,Tanoodle,sruff7h@aboutads.info,8159736773,Subin,Top secret project,Building operator,This is a message,01001001010,16.3.2018,15/5/2018,20/7/2017
271,Barnabas Castane,Edgetag,bcastane7i@mysql.com,8903081249,Zontrax,Big big big big project,Director,This is a message,01001001010,6.2.2018,31/5/2016,31/10/2017
272,Lexis Gummow,Realfire,lgummow7j@marketwatch.com,6313030288,Treeflex,Top secret project,Building operator,Long message,01010101010010101010,10.9.2018,10/3/2018,23/12/2018
273,Davidson Klaesson,Twitterlist,dklaesson7k@toplist.cz,7499429499,Vagram,Top secret project,building manager,Look at me,01001001010,7.7.2018,3/6/2018,9/2/2019
274,Juditha Tsar,Skipfire,jtsar7l@trellian.com,7564727559,Overhold,Big big big big project,Director,Long message,0101001000101010,6.10.2017,14/4/2018,9/11/2017
275,Nicola Frome,Dynazzy,nfrome7m@nih.gov,5985788172,Ventosanzap,Top secret project,Building operator,This is a message,01010101010010101010,15.1.2017,3/1/2019,11/6/2017
276,Barbabas Jirasek,Roomm,bjirasek7n@unc.edu,9679469745,Ronstring,Top secret project,Director,Look at me,01010101010010101010,25.8.2016,27/9/2016,2/6/2016
277,Spencer Maciejewski,Tagfeed,smaciejewski7o@imageshack.us,7784196887,Y-find,Weekend project,Director,Look at me,01010101010010101010,19.4.2017,10/8/2018,9/7/2018
278,Travus Magowan,Meezzy,tmagowan7p@thetimes.co.uk,3558480503,Latlux,Big big big big project,Director,Look at me,01010101010101011001001,7.3.2019,1/11/2017,2/11/2016
279,Washington ODreain,Brainbox,wodreain7q@jimdo.com,1625544931,Tres-Zap,Weekend project,Janitor,Look at me,01001001010,2.2.2017,19/3/2016,17/1/2018
280,Claiborn Splevings,Rhyzio,csplevings7r@geocities.com,6196988793,Bigtax,Weekend project,Building operator,This is a message,0101001000101010,4.4.2018,13/6/2017,25/5/2018
281,Gasper Kidby,Blognation,gkidby7s@moonfruit.com,6792432205,Gembucket,Top secret project,Janitor,This is a message,01001001010,29.4.2016,9/9/2016,29/3/2017
282,Roze Tomaszewicz,Tagpad,rtomaszewicz7t@free.fr,4439395604,Otcom,Top secret project,Director,This is a message,0101001000101010,15.10.2016,29/6/2017,2/1/2018
283,Edlin Jahnig,Kazio,ejahnig7u@redcross.org,5227174703,Otcom,Once upon a time,Janitor,This is a message,01010101010101011001001,8.4.2017,29/6/2018,12/12/2018
284,Pat Vallentin,Yacero,pvallentin7v@pen.io,2831960668,Regrant,Once upon a time,Janitor,Look at me,0101001000101010,28.11.2018,18/9/2018,6/2/2018
285,Stanislaw Steynor,Oyoloo,ssteynor7w@trellian.com,8489614472,Temp,Weekend project,Janitor,Look at me,01001001010,5.3.2017,7/8/2017,9/7/2017
286,Farlee Abbatt,Twinder,fabbatt7x@apache.org,6375319358,Quo Lux,Top secret project,Janitor,This is a message,01001001010,31.5.2017,10/3/2017,13/10/2017
287,Brenden Chastan,Fivespan,bchastan7y@sakura.ne.jp,8728294072,Fintone,Once upon a time,building manager,Look at me,01001001010,20.1.2019,18/7/2017,17/12/2018
288,Dory Marre,Twitterbeat,dmarre7z@geocities.jp,8998342778,Bigtax,Big big big big project,building manager,Look at me,01010101010010101010,7.11.2018,7/4/2017,1/12/2016
289,Thorpe Douthwaite,Browsetype,tdouthwaite80@dailymail.co.uk,8209636329,Tresom,Top secret project,Building operator,Look at me,0101001000101010,31.5.2017,15/10/2018,2/3/2018
290,Barret Heads,Devpoint,bheads81@vistaprint.com,1214419669,Regrant,Top secret project,Janitor,Long message,01001001010,19.10.2018,18/2/2017,20/9/2018
291,Maurita Worthington,Kazu,mworthington82@scientificamerican.com,2314177685,Flowdesk,Big big big big project,Janitor,Long message,01010101010101011001001,1.5.2018,26/12/2016,12/9/2016
292,Keane Kilfoyle,Aibox,kkilfoyle83@tiny.cc,7114658453,Tempsoft,Weekend project,Building operator,Look at me,01001001010,16.12.2018,27/1/2018,5/5/2016
293,Vannie Jakobsson,Topdrive,vjakobsson84@ucla.edu,1792037231,Holdlamis,Top secret project,Building operator,Long message,0101001000101010,10.6.2018,2/1/2017,16/2/2019
294,Belva OLyhane,Skibox,bolyhane85@edublogs.org,4945379395,Asoka,Once upon a time,Building operator,This is a message,01010101010101011001001,4.11.2016,28/4/2017,16/12/2017
295,Connie Smalles,Wikizz,csmalles86@wufoo.com,7863419552,Sonair,Weekend project,Building operator,This is a message,01010101010101011001001,30.10.2016,5/8/2016,4/4/2017
296,Nicoline Stow,Dynabox,nstow87@deviantart.com,6078754482,Viva,Big big big big project,building manager,Long message,01010101010010101010,23.7.2016,21/6/2017,15/11/2018
297,Amandi Brookton,Npath,abrookton88@alibaba.com,5817627548,Tampflex,Big big big big project,Building operator,Long message,01010101010101011001001,25.10.2018,19/3/2017,8/2/2018
298,Ronni Gerrard,Ainyx,rgerrard89@wix.com,9534757570,Cookley,Weekend project,building manager,Look at me,0101001000101010,28.3.2017,6/8/2018,24/4/2017
299,Tulley Hassin,Yakidoo,thassin8a@lulu.com,8218553502,Trippledex,Once upon a time,Janitor,Look at me,0101001000101010,26.3.2016,3/10/2018,11/4/2017
300,Olimpia Gerald,Agimba,ogerald8b@scientificamerican.com,6165044501,Zaam-Dox,Weekend project,Director,This is a message,01010101010101011001001,5.12.2017,11/8/2016,4/5/2018
301,Mattheus Troni,Dabjam,mtroni8c@technorati.com,8364641452,Stringtough,Weekend project,Building operator,Long message,0101001000101010,23.12.2017,27/11/2016,27/11/2016
302,Tillie Grewe,Topicblab,tgrewe8d@apple.com,7462414167,Toughjoyfax,Top secret project,Janitor,Long message,01010101010010101010,1.6.2016,4/9/2017,13/11/2017
303,Electra Beininck,Fanoodle,ebeininck8e@meetup.com,3307176093,Toughjoyfax,Weekend project,Building operator,Look at me,01001001010,8.3.2018,19/10/2017,18/2/2017
304,Brand Ovington,Tavu,bovington8f@mapy.cz,6032643482,Cookley,Once upon a time,Janitor,Long message,01010101010010101010,21.2.2018,8/7/2016,1/8/2017
305,Felicio Pull,Bubblemix,fpull8g@flavors.me,4661029829,Mat Lam Tam,Once upon a time,Building operator,Long message,01001001010,21.1.2019,9/7/2018,17/10/2017
306,Alford Cuckson,Oyonder,acuckson8h@g.co,8456717252,Matsoft,Top secret project,Building operator,Long message,01010101010010101010,22.2.2019,21/4/2017,3/3/2018
307,Susi Stearns,Realpoint,sstearns8i@theglobeandmail.com,9963543570,Y-find,Once upon a time,building manager,Look at me,01010101010010101010,15.7.2016,24/11/2016,22/9/2018
308,Dukie Glendinning,Oodoo,dglendinning8j@yellowpages.com,9787796067,Quo Lux,Weekend project,Building operator,Look at me,0101001000101010,12.4.2017,1/9/2016,14/1/2019
309,Herman Paddefield,Devify,hpaddefield8k@ucoz.ru,9945777810,Tres-Zap,Weekend project,Janitor,Long message,01010101010101011001001,5.2.2018,23/9/2017,29/5/2017
310,Sheba Bubbins,Bluezoom,sbubbins8l@foxnews.com,5421263606,Stronghold,Once upon a time,Janitor,Look at me,01001001010,18.7.2018,14/11/2018,25/1/2017
311,Alfie Leefe,Zoonder,aleefe8m@ameblo.jp,5696373282,Cardify,Once upon a time,Janitor,Look at me,0101001000101010,22.10.2018,30/12/2016,18/9/2018
312,Cristy Gillard,Realcube,cgillard8n@scribd.com,4374956613,Voltsillam,Weekend project,Director,This is a message,0101001000101010,22.2.2019,11/9/2016,26/11/2016
313,Tedd Tabert,Devpulse,ttabert8o@yellowbook.com,8194379564,Redhold,Big big big big project,building manager,Long message,01001001010,8.7.2017,12/10/2018,16/9/2016
314,Wallache Naismith,Roombo,wnaismith8p@chron.com,6954425054,Stim,Big big big big project,Janitor,Long message,01010101010101011001001,19.7.2016,4/7/2018,12/2/2017
315,Tabbie Fozard,Thoughtmix,tfozard8q@phpbb.com,6111931600,Zathin,Weekend project,Director,This is a message,01001001010,28.8.2017,4/11/2018,22/5/2016
316,Chad Landor,Skippad,clandor8r@sogou.com,1785338677,Tin,Top secret project,Janitor,This is a message,01001001010,19.3.2016,14/2/2017,13/4/2018
317,Tore Luthwood,Avavee,tluthwood8s@imageshack.us,6689643572,Vagram,Once upon a time,building manager,Long message,0101001000101010,27.10.2016,27/12/2017,16/12/2018
318,Charmain McGillreich,Tagtune,cmcgillreich8t@forbes.com,3178637677,Home Ing,Weekend project,Building operator,This is a message,01010101010010101010,20.2.2017,7/8/2017,24/2/2018
319,Licha Seyfart,Trilith,lseyfart8u@sciencedirect.com,9058759900,Opela,Once upon a time,building manager,Long message,01010101010101011001001,10.9.2017,16/4/2016,3/6/2016
320,Loren Riccardo,Quimm,lriccardo8v@uol.com.br,5543454784,Voltsillam,Once upon a time,Building operator,Long message,01001001010,11.7.2017,29/5/2018,23/1/2018
321,Hinda Willgoose,Quimm,hwillgoose8w@bandcamp.com,5387596909,Zamit,Top secret project,Janitor,Long message,01010101010010101010,4.10.2018,8/1/2017,14/6/2017
322,Gerome Balazot,Topicshots,gbalazot8x@sogou.com,9663424290,Quo Lux,Top secret project,Building operator,Look at me,01010101010101011001001,20.10.2016,21/10/2016,20/7/2016
323,Urbain Logesdale,Kimia,ulogesdale8y@ebay.com,6781726537,Bitchip,Top secret project,building manager,Long message,01001001010,20.8.2017,14/7/2018,15/7/2018
324,Myrtie Ortet,Oloo,mortet8z@squarespace.com,8417945725,Domainer,Once upon a time,Building operator,Long message,01010101010010101010,17.2.2019,31/7/2017,7/6/2018
325,Kesley Sandbach,Roomm,ksandbach90@domainmarket.com,6979138424,Tin,Top secret project,Building operator,This is a message,01010101010010101010,19.5.2017,14/12/2018,3/7/2016
326,Alidia Morad,Jamia,amorad91@hud.gov,9752399899,Vagram,Weekend project,building manager,Long message,01001001010,6.8.2017,8/10/2018,8/6/2018
327,Vidovik Leebetter,Quinu,vleebetter92@ocn.ne.jp,2279095257,Stronghold,Big big big big project,building manager,Look at me,01010101010101011001001,16.11.2017,17/2/2019,5/8/2017
328,Amandi Brodley,Edgeclub,abrodley93@sina.com.cn,7828577983,Prodder,Once upon a time,Janitor,Look at me,0101001000101010,29.1.2017,24/12/2018,24/10/2017
329,Elwira Kingstne,Realbridge,ekingstne94@microsoft.com,6178970678,Toughjoyfax,Weekend project,Janitor,This is a message,01010101010101011001001,11.7.2018,17/11/2016,3/3/2017
330,Vinnie Dungee,Eamia,vdungee95@berkeley.edu,6789316037,Redhold,Top secret project,Building operator,Look at me,0101001000101010,11.3.2017,30/3/2017,12/11/2018
331,Dorie Fattori,Youspan,dfattori96@google.com.au,7125543478,Overhold,Weekend project,Janitor,Long message,0101001000101010,8.4.2016,26/1/2019,3/12/2017
332,Emelen Munnings,Photobug,emunnings97@naver.com,8973249468,Mat Lam Tam,Weekend project,Janitor,This is a message,01010101010101011001001,17.8.2018,25/5/2018,6/11/2018
333,Shepard Papes,Katz,spapes98@walmart.com,3612041826,Keylex,Weekend project,Director,Look at me,01001001010,28.9.2018,26/4/2017,1/11/2018
334,Brunhilde Aggott,Tambee,baggott99@usa.gov,5318511379,Bitchip,Weekend project,Janitor,This is a message,01010101010010101010,14.9.2017,25/3/2016,23/8/2017
335,Shanie Leopard,Oba,sleopard9a@ustream.tv,7526228901,Bytecard,Once upon a time,building manager,Long message,01010101010010101010,19.9.2016,29/8/2017,2/12/2017
336,Christian Bigland,JumpXS,cbigland9b@angelfire.com,1339247854,Voyatouch,Weekend project,Janitor,Long message,01001001010,25.8.2016,2/11/2016,22/6/2017
337,Margarete Young,Linklinks,myoung9c@t-online.de,6933184171,Lotstring,Top secret project,Building operator,Long message,01010101010010101010,1.1.2019,30/9/2018,6/5/2018
338,Morris Sulley,Youspan,msulley9d@jalbum.net,8129040324,Tresom,Big big big big project,Director,Look at me,01001001010,11.1.2019,26/8/2017,25/4/2018
339,Jorrie Toler,Browsebug,jtoler9e@imageshack.us,8858886317,Pannier,Big big big big project,building manager,Long message,01010101010101011001001,15.5.2018,16/2/2019,7/7/2018
340,Athene Doers,Quatz,adoers9f@tamu.edu,2907939010,Domainer,Big big big big project,Building operator,This is a message,01010101010010101010,17.8.2016,21/8/2017,21/7/2016
341,Lazarus Durning,Leenti,ldurning9g@csmonitor.com,9999151762,Aerified,Big big big big project,Janitor,Long message,01010101010101011001001,19.12.2016,22/5/2018,23/5/2016
342,Duky Balke,Podcat,dbalke9h@delicious.com,6277473912,Subin,Top secret project,Janitor,Long message,01001001010,17.4.2017,9/9/2016,6/11/2018
343,Cathe Proswell,Oyoba,cproswell9i@rambler.ru,7173144110,Lotlux,Big big big big project,Janitor,Long message,01010101010010101010,7.9.2017,16/9/2018,18/7/2016
344,Tallulah Tregonna,Gevee,ttregonna9j@dmoz.org,3189650888,Otcom,Top secret project,Building operator,Look at me,01010101010010101010,18.9.2016,15/3/2018,22/2/2017
345,Tadd Wasmuth,Eayo,twasmuth9k@foxnews.com,8419410154,Subin,Top secret project,building manager,This is a message,01010101010010101010,10.10.2018,10/5/2018,4/12/2016
346,Christabel Bosenworth,Divape,cbosenworth9l@webs.com,7446424048,Opela,Big big big big project,building manager,This is a message,01010101010101011001001,10.10.2017,12/8/2017,29/8/2018
347,Gabriela Nannoni,Linkbridge,gnannoni9m@answers.com,4815265415,Subin,Once upon a time,Janitor,Long message,01001001010,29.6.2017,24/11/2017,19/3/2018
348,Becka Moors,Muxo,bmoors9n@theguardian.com,3376557592,Alphazap,Weekend project,Building operator,This is a message,01010101010101011001001,17.3.2017,5/2/2018,30/12/2016
349,Jinny Adelberg,Teklist,jadelberg9o@utexas.edu,5371171610,Cookley,Big big big big project,Director,Look at me,01010101010101011001001,23.3.2018,26/3/2017,5/4/2017
350,Alexei Joseland,Nlounge,ajoseland9p@liveinternet.ru,5971390810,Zaam-Dox,Big big big big project,Director,Long message,0101001000101010,3.12.2017,14/9/2016,7/3/2018
351,Dalt Allender,Dabfeed,dallender9q@theglobeandmail.com,2461097300,Bigtax,Weekend project,Janitor,This is a message,01001001010,25.10.2017,30/1/2019,21/5/2018
352,Errick Aspden,Realfire,easpden9r@goo.ne.jp,4887862982,Greenlam,Top secret project,Janitor,Long message,01010101010101011001001,24.10.2018,15/3/2016,8/1/2019
353,Terencio Oldroyd,Roodel,toldroyd9s@facebook.com,8957153453,Span,Top secret project,building manager,This is a message,0101001000101010,28.12.2017,20/8/2018,13/4/2018
354,Foss Peasgood,Blognation,fpeasgood9t@icq.com,5217649008,Cookley,Big big big big project,Building operator,Long message,0101001000101010,23.9.2017,5/6/2017,21/12/2017
355,Dode Standering,Ozu,dstandering9u@census.gov,5227175079,Zamit,Top secret project,Building operator,Look at me,01001001010,4.1.2017,24/1/2018,19/9/2018
356,Aldus Draysey,Brightdog,adraysey9v@wsj.com,2869697100,Ventosanzap,Weekend project,Janitor,Long message,01010101010010101010,28.2.2018,12/12/2017,9/12/2016
357,Gustav Durber,Flashspan,gdurber9w@japanpost.jp,1016091480,Tres-Zap,Big big big big project,Building operator,Look at me,01001001010,28.4.2017,8/12/2016,26/7/2016
358,Leandra Daffern,Jayo,ldaffern9x@g.co,5524133775,Kanlam,Top secret project,Building operator,This is a message,0101001000101010,9.1.2017,14/1/2017,20/12/2017
359,Vivianne Pigott,Gabvine,vpigott9y@google.nl,9629715882,Tres-Zap,Top secret project,Director,This is a message,0101001000101010,30.8.2018,17/1/2019,25/11/2017
360,Selene Wetherell,Photobean,swetherell9z@cbslocal.com,3711690036,Stronghold,Once upon a time,Director,This is a message,0101001000101010,1.7.2018,23/9/2018,24/7/2016
361,Moselle Lince,Youopia,mlincea0@reddit.com,7329168457,Cardify,Top secret project,Janitor,This is a message,01010101010010101010,30.10.2016,3/11/2016,1/6/2018
362,Kylie Oakly,Tagfeed,koaklya1@blog.com,2123518826,Viva,Big big big big project,building manager,Long message,0101001000101010,16.11.2016,16/7/2017,23/9/2018
363,Alanson Fontel,Vipe,afontela2@cisco.com,3054132673,Opela,Big big big big project,Director,Look at me,01010101010101011001001,20.10.2018,24/10/2017,26/9/2016
364,Nari Petersen,Fatz,npetersena3@list-manage.com,6348627018,Opela,Weekend project,Janitor,Long message,0101001000101010,21.7.2018,12/4/2018,7/6/2017
365,Waly Cottage,Jetwire,wcottagea4@baidu.com,9105161782,Voyatouch,Weekend project,building manager,Long message,0101001000101010,19.7.2016,25/6/2018,6/1/2019
366,Herculie McKennan,Yodel,hmckennana5@addtoany.com,1426352059,Biodex,Once upon a time,Janitor,Look at me,01010101010010101010,27.8.2017,10/12/2018,28/3/2018
367,Horten Damrel,Livepath,hdamrela6@themeforest.net,9918602158,Cardguard,Big big big big project,building manager,Look at me,0101001000101010,5.5.2017,23/2/2017,12/12/2017
368,Madelon Lamberth,Vitz,mlambertha7@java.com,5058588843,Namfix,Weekend project,Janitor,Look at me,01010101010010101010,9.10.2017,10/1/2017,9/1/2019
369,Maddy Dwane,Zooveo,mdwanea8@dot.gov,7149579814,Konklab,Big big big big project,Director,Look at me,01010101010101011001001,15.4.2017,17/3/2016,21/8/2018
370,Cristian Blais,Izio,cblaisa9@fastcompany.com,1627215139,Cardify,Once upon a time,building manager,This is a message,0101001000101010,17.7.2017,7/5/2017,2/7/2018
371,Rod Branchett,Buzzshare,rbranchettaa@ca.gov,2405887599,Sub-Ex,Top secret project,Director,Long message,01010101010101011001001,12.6.2018,26/2/2017,9/12/2016
372,Tine Cricket,Dabvine,tcricketab@dailymail.co.uk,6135769787,Cookley,Weekend project,Janitor,Long message,01001001010,2.8.2017,9/10/2016,24/9/2017
373,Hobart Sygrove,Dablist,hsygroveac@studiopress.com,7335526846,Zathin,Once upon a time,Director,This is a message,0101001000101010,6.4.2017,9/3/2017,24/6/2016
374,Moises Josefsohn,Youopia,mjosefsohnad@soundcloud.com,5914131398,Fix San,Big big big big project,building manager,Look at me,01010101010010101010,21.12.2018,9/7/2018,19/7/2018
375,Vinny Drake,Meembee,vdrakeae@networkadvertising.org,3299238784,Mat Lam Tam,Once upon a time,Janitor,Long message,01001001010,2.5.2016,5/8/2017,21/5/2017
376,Vida Kremer,Plajo,vkremeraf@cdbaby.com,1653996385,Domainer,Top secret project,building manager,Look at me,01010101010101011001001,20.12.2016,6/7/2018,15/1/2017
377,Rube Runciman,Yacero,rruncimanag@domainmarket.com,8127873614,Flowdesk,Weekend project,building manager,This is a message,01001001010,12.5.2016,20/8/2016,21/11/2016
378,Ludwig Koenen,Riffwire,lkoenenah@csmonitor.com,4185318308,Asoka,Top secret project,building manager,Look at me,0101001000101010,27.5.2018,4/12/2018,7/11/2016
379,Shena Waylen,Shufflebeat,swaylenai@telegraph.co.uk,9129478048,Flowdesk,Top secret project,Director,Long message,01010101010101011001001,4.8.2016,24/10/2016,18/11/2018
380,Ewan Shilito,Zoomdog,eshilitoaj@clickbank.net,1928996187,Sub-Ex,Weekend project,Director,Look at me,01001001010,26.6.2016,7/1/2019,10/8/2016
381,Lana Helin,Ntags,lhelinak@aboutads.info,7632829338,Job,Once upon a time,building manager,This is a message,01010101010010101010,30.10.2018,4/11/2016,20/2/2018
382,Callie Cabedo,Digitube,ccabedoal@businesswire.com,4734340962,Toughjoyfax,Big big big big project,building manager,Look at me,01010101010101011001001,22.12.2016,26/8/2016,25/4/2016
383,Francisca Laflin,Eamia,flaflinam@quantcast.com,5853896658,Ronstring,Top secret project,building manager,This is a message,01010101010101011001001,20.1.2017,2/8/2018,20/12/2018
384,Ollie MacMeeking,Eabox,omacmeekingan@apple.com,6834845467,Tresom,Weekend project,Director,Long message,0101001000101010,14.9.2017,17/7/2018,5/3/2019
385,Stefa Schach,Buzzster,sschachao@nymag.com,5051556840,Konklab,Top secret project,Janitor,Look at me,01001001010,3.4.2016,10/7/2017,10/5/2017
386,Cammy Kerrigan,Kaymbo,ckerriganap@homestead.com,4137241755,Lotlux,Weekend project,Janitor,Long message,01001001010,12.8.2017,4/1/2017,7/11/2016
387,Annabell Abbotson,Dabjam,aabbotsonaq@alexa.com,2554268317,Voltsillam,Once upon a time,Janitor,This is a message,0101001000101010,30.6.2017,22/6/2017,7/7/2016
388,Cyrus Nalder,Quimba,cnalderar@alibaba.com,1492932383,Quo Lux,Weekend project,Building operator,Look at me,01010101010101011001001,4.7.2018,4/11/2016,16/3/2017
389,Lanae Rudram,Npath,lrudramas@google.fr,7592880875,Mat Lam Tam,Once upon a time,Director,Long message,01010101010010101010,1.6.2016,6/3/2018,5/2/2018
390,Michaeline Pelham,Realbridge,mpelhamat@techcrunch.com,5884346061,Otcom,Once upon a time,Janitor,Look at me,01010101010101011001001,6.6.2017,19/2/2019,15/11/2016
391,Jerrylee Murrison,Blogtags,jmurrisonau@yellowpages.com,4103126525,Bitwolf,Once upon a time,Building operator,Long message,01010101010010101010,25.3.2018,27/6/2017,6/2/2019
392,Hermia Fawdry,Yadel,hfawdryav@photobucket.com,3087348796,Zamit,Top secret project,Director,Look at me,01010101010101011001001,29.3.2017,11/8/2017,20/7/2017
393,Gisele Bartalot,Photobean,gbartalotaw@netvibes.com,2941968062,Matsoft,Big big big big project,Janitor,This is a message,01010101010101011001001,26.9.2017,24/11/2018,20/8/2017
394,Spenser Percy,Oyoyo,spercyax@pbs.org,4245165609,Biodex,Weekend project,Janitor,Look at me,01010101010010101010,5.12.2017,9/10/2018,4/4/2016
395,Anna-maria Djokic,Shuffletag,adjokicay@ed.gov,7064629829,Zamit,Once upon a time,Janitor,This is a message,01001001010,2.9.2018,24/12/2017,30/7/2016
396,Annnora Blaw,Oyoyo,ablawaz@ebay.co.uk,2482247756,Domainer,Weekend project,building manager,Long message,0101001000101010,8.6.2016,24/4/2017,29/8/2017
397,Amelita Weldrick,Browsedrive,aweldrickb0@about.com,6046571999,Fintone,Big big big big project,Building operator,This is a message,01001001010,21.1.2019,19/5/2017,18/6/2017
398,Jacquie Blount,Dynabox,jblountb1@angelfire.com,9112363841,Greenlam,Once upon a time,Director,Long message,0101001000101010,16.3.2018,30/11/2016,4/12/2016
399,Carey McKoy,Reallinks,cmckoyb2@berkeley.edu,8916010341,Lotlux,Once upon a time,Building operator,Look at me,01001001010,16.5.2017,16/9/2016,17/3/2017
400,Nikki Shannon,Rhyzio,nshannonb3@plala.or.jp,6294040706,Quo Lux,Weekend project,Director,This is a message,0101001000101010,15.5.2018,19/8/2016,20/1/2018
401,Stacie Binfield,Feedmix,sbinfieldb4@trellian.com,5262149977,Zaam-Dox,Once upon a time,Director,This is a message,01001001010,7.1.2017,22/3/2018,2/3/2017
402,Arley Cowtherd,Jabbercube,acowtherdb5@webnode.com,5503524194,Asoka,Weekend project,Janitor,This is a message,0101001000101010,11.2.2018,24/9/2016,5/10/2017
403,Percy Nadin,Npath,pnadinb6@icio.us,1115949229,Regrant,Once upon a time,Director,This is a message,01010101010101011001001,19.9.2018,23/2/2017,30/6/2018
404,Ravi Bellay,Realbuzz,rbellayb7@newsvine.com,6778276746,Transcof,Weekend project,Building operator,This is a message,01010101010010101010,9.12.2016,22/9/2016,3/2/2019
405,Marchelle Orr,Linklinks,morrb8@hostgator.com,4928795104,Opela,Weekend project,Janitor,This is a message,01010101010010101010,3.9.2016,3/7/2016,12/11/2017
406,Fifine Bamford,Gigabox,fbamfordb9@usatoday.com,2266875685,Sonsing,Big big big big project,Building operator,Long message,0101001000101010,1.4.2018,6/5/2018,6/5/2016
407,Hesther Corteney,Youtags,hcorteneyba@ca.gov,3362320451,Bytecard,Big big big big project,Building operator,Long message,01010101010101011001001,20.6.2017,25/5/2017,15/2/2017
408,Errick Eversfield,Skaboo,eeversfieldbb@tuttocitta.it,1586804767,Keylex,Once upon a time,Director,Look at me,01001001010,18.7.2016,3/9/2017,22/7/2017
409,Marianna Gatch,Oyope,mgatchbc@ucoz.com,3551444314,Stringtough,Once upon a time,Janitor,This is a message,01010101010101011001001,22.7.2016,9/11/2018,25/12/2017
410,Chas Bredes,Roodel,cbredesbd@imdb.com,2167277883,Bamity,Big big big big project,Janitor,Long message,01001001010,24.9.2018,22/7/2018,5/12/2018
411,Kare Hargitt,LiveZ,khargittbe@msn.com,9059811914,Tres-Zap,Once upon a time,Director,Look at me,01001001010,8.3.2017,19/4/2018,7/10/2016
412,Nissy Orrow,Viva,norrowbf@auda.org.au,6379734048,Bitchip,Top secret project,Building operator,Long message,01010101010101011001001,27.10.2017,9/7/2017,1/2/2017
413,Patty Ney,Riffpath,pneybg@chron.com,9014844794,Toughjoyfax,Big big big big project,Director,Look at me,01010101010101011001001,29.10.2017,25/2/2019,23/2/2019
414,Bronny Lowery,Twitterwire,blowerybh@seattletimes.com,8006354549,Fix San,Weekend project,Director,This is a message,01010101010101011001001,2.6.2018,17/6/2016,22/4/2018
415,Wallace Bemlott,Livefish,wbemlottbi@buzzfeed.com,8319900124,Span,Once upon a time,Janitor,Look at me,01001001010,2.11.2018,15/7/2017,6/9/2017
416,Bill Hardingham,Tagtune,bhardinghambj@usatoday.com,9179910150,Fix San,Weekend project,building manager,Look at me,01001001010,4.2.2018,21/5/2018,28/2/2018
417,Trenna Pourvoieur,Midel,tpourvoieurbk@nsw.gov.au,2663788778,Voyatouch,Weekend project,Director,This is a message,01010101010101011001001,27.7.2018,23/12/2018,23/7/2016
418,Arne Vaudrey,Brainsphere,avaudreybl@t-online.de,7472028714,Treeflex,Once upon a time,building manager,Look at me,01010101010010101010,31.12.2017,11/7/2016,24/9/2016
419,Benjy Gogie,Kamba,bgogiebm@deliciousdays.com,8231182516,Voltsillam,Weekend project,building manager,This is a message,01001001010,4.7.2016,12/9/2017,23/2/2019
420,Travus Tabard,Brightbean,ttabardbn@google.com.hk,3188027907,Tin,Big big big big project,Janitor,Look at me,01010101010010101010,2.6.2017,17/1/2019,15/1/2017
421,Lyndsie Ricketts,Feednation,lrickettsbo@hexun.com,2729430507,Namfix,Weekend project,building manager,Look at me,01001001010,27.7.2018,6/4/2018,1/6/2018
422,Ashien Ennew,Edgeify,aennewbp@google.it,8826478946,Bitwolf,Weekend project,Janitor,This is a message,01010101010101011001001,17.2.2017,14/2/2017,21/9/2016
423,Aurthur Feare,Meetz,afearebq@gmpg.org,6629679207,Toughjoyfax,Once upon a time,Director,Long message,0101001000101010,15.11.2017,20/4/2016,25/9/2016
424,Frankie Rutty,Brainverse,fruttybr@jalbum.net,2564714691,Zathin,Once upon a time,building manager,This is a message,0101001000101010,25.2.2018,13/10/2017,19/5/2018
425,Ralf Corkett,Centizu,rcorkettbs@businesswire.com,6987682912,Sub-Ex,Weekend project,Building operator,Long message,0101001000101010,25.10.2017,19/10/2017,1/4/2017
426,Tybi Clemont,Eimbee,tclemontbt@nhs.uk,5418313531,Lotlux,Once upon a time,Director,Long message,0101001000101010,20.6.2017,3/12/2016,24/11/2016
427,Stevie Gotobed,Nlounge,sgotobedbu@cyberchimps.com,7712482716,Stringtough,Top secret project,Director,This is a message,01010101010010101010,10.10.2018,13/1/2019,19/8/2017
428,Alix Dawbury,Skiptube,adawburybv@angelfire.com,5326098302,Andalax,Top secret project,building manager,Long message,01001001010,3.6.2018,2/11/2017,6/11/2018
429,Saree Moss,Edgeblab,smossbw@alibaba.com,3708780748,Ronstring,Weekend project,building manager,This is a message,01010101010010101010,14.10.2016,11/4/2016,29/5/2017
430,Rollins Abson,Oyoba,rabsonbx@imgur.com,5863142590,Fintone,Top secret project,Building operator,This is a message,0101001000101010,11.3.2018,1/7/2017,11/2/2019
431,Kailey Chipperfield,Layo,kchipperfieldby@theguardian.com,8433495605,Bamity,Big big big big project,Janitor,Look at me,01010101010101011001001,10.10.2018,10/2/2018,9/11/2016
432,Lilia Dooly,Thoughtmix,ldoolybz@jugem.jp,4134664071,Trippledex,Top secret project,Director,Look at me,0101001000101010,30.10.2016,6/5/2017,1/2/2017
433,Laurie Epelett,Divape,lepelettc0@pcworld.com,2884044876,Gembucket,Big big big big project,Janitor,This is a message,01010101010010101010,11.7.2018,29/6/2017,2/2/2017
434,Kristi Knivett,Meedoo,kknivettc1@ed.gov,4945365620,Zathin,Big big big big project,Building operator,This is a message,01010101010101011001001,7.7.2017,8/8/2017,13/6/2016
435,Arron Josephson,Edgeblab,ajosephsonc2@oaic.gov.au,5724050860,Ventosanzap,Big big big big project,Janitor,Look at me,01010101010101011001001,2.6.2018,23/7/2016,1/1/2017
436,Rees Molan,Kwideo,rmolanc3@weebly.com,8478535761,Biodex,Top secret project,building manager,Long message,01001001010,7.4.2017,5/7/2017,23/7/2016
437,Stefania Waudby,Bluejam,swaudbyc4@google.pl,3049490401,Solarbreeze,Weekend project,building manager,Look at me,01010101010101011001001,16.2.2018,26/3/2017,11/8/2016
438,Carley Hatwell,JumpXS,chatwellc5@slashdot.org,2828015269,Daltfresh,Weekend project,Director,Long message,01010101010101011001001,8.10.2017,19/1/2018,4/2/2019
439,Gipsy Genney,Meejo,ggenneyc6@lulu.com,9627279591,Tres-Zap,Weekend project,Building operator,Look at me,01010101010010101010,19.12.2017,15/2/2017,31/1/2017
440,Chrysa Fairtlough,Abatz,cfairtloughc7@dropbox.com,5448271754,Voyatouch,Weekend project,Janitor,Long message,01010101010101011001001,23.6.2016,3/9/2017,24/3/2016
441,Lory Danilyak,Brainverse,ldanilyakc8@exblog.jp,7655862035,Sonair,Weekend project,Janitor,Long message,01010101010010101010,6.6.2017,8/7/2017,6/3/2019
442,Reinaldos Tidmas,Eamia,rtidmasc9@sciencedaily.com,7387025939,Rank,Big big big big project,Janitor,This is a message,01010101010101011001001,29.3.2018,13/8/2018,30/4/2018
443,Nerty Bolwell,Izio,nbolwellca@photobucket.com,1553040338,Ventosanzap,Weekend project,building manager,Long message,0101001000101010,7.8.2018,14/5/2017,2/6/2017
444,Marena Dominka,Cogidoo,mdominkacb@wired.com,1745977037,Gembucket,Weekend project,Director,Long message,0101001000101010,13.1.2018,3/5/2018,6/10/2018
445,Star Ashness,Thoughtsphere,sashnesscc@businesswire.com,6951194197,Cardify,Once upon a time,Director,Look at me,0101001000101010,13.11.2017,15/3/2017,27/12/2018
446,Ignace Mease,Ailane,imeasecd@mozilla.com,5607794535,Sonair,Weekend project,building manager,Look at me,01010101010101011001001,31.12.2016,2/4/2018,24/12/2016
447,Rivi Pledge,Skipfire,rpledgece@icio.us,7493915241,Voltsillam,Big big big big project,Building operator,Long message,01010101010101011001001,5.12.2016,19/7/2017,17/8/2016
448,Chev Cobb,Ozu,ccobbcf@webnode.com,2522844732,Konklab,Big big big big project,Building operator,Look at me,01010101010010101010,24.6.2018,23/12/2018,29/6/2016
449,Lotti Gabe,Skipstorm,lgabecg@foxnews.com,2447068084,Flowdesk,Once upon a time,Director,Look at me,01010101010010101010,18.11.2018,22/10/2017,28/3/2017
450,Pate Schelle,Pixope,pschellech@jalbum.net,9198652937,Veribet,Once upon a time,building manager,This is a message,0101001000101010,28.2.2019,25/6/2016,25/12/2017
451,Myer Strattan,Yodel,mstrattanci@diigo.com,7288457892,Ronstring,Weekend project,Building operator,This is a message,01001001010,29.9.2018,6/4/2017,7/9/2017
452,Skipp Tamsett,Yodo,stamsettcj@yellowbook.com,4519878741,Zaam-Dox,Weekend project,Director,Look at me,01010101010101011001001,9.1.2017,1/1/2019,23/10/2017
453,Cristie McDoual,Aimbo,cmcdoualck@ebay.co.uk,4553669930,Bytecard,Weekend project,building manager,Long message,01010101010010101010,20.12.2018,17/12/2016,31/3/2016
454,Judd Riquet,Jaxbean,jriquetcl@desdev.cn,5957666285,Zathin,Weekend project,Director,Look at me,0101001000101010,19.10.2017,22/9/2018,19/6/2018
455,Sianna Scupham,Jetpulse,sscuphamcm@senate.gov,5856436573,Treeflex,Weekend project,Janitor,This is a message,01001001010,14.6.2016,18/7/2016,18/2/2017
456,Padriac Craythorn,Jazzy,pcraythorncn@ftc.gov,3255055519,Prodder,Weekend project,Janitor,Look at me,0101001000101010,15.12.2017,6/5/2016,31/3/2016
457,Goddard Habergham,Brightbean,ghaberghamco@macromedia.com,5442264998,Greenlam,Once upon a time,Director,This is a message,01001001010,26.8.2016,13/2/2017,21/1/2019
458,Sileas Kasperski,Kanoodle,skasperskicp@ca.gov,9386142623,Latlux,Once upon a time,building manager,Look at me,01010101010010101010,24.5.2016,2/6/2018,22/8/2017
459,Ferrell Piwell,Twitterlist,fpiwellcq@about.com,9109465428,Zaam-Dox,Big big big big project,Director,Look at me,0101001000101010,23.3.2018,17/6/2017,23/9/2016
460,Tabby Hallmark,Realfire,thallmarkcr@myspace.com,2803187092,Fix San,Big big big big project,Janitor,Long message,01001001010,16.1.2017,23/10/2016,13/4/2018
461,Marlie Hyman,Yozio,mhymancs@harvard.edu,3078617337,Stringtough,Once upon a time,Janitor,This is a message,01001001010,11.2.2017,2/7/2016,16/9/2017
462,Yevette Senecaut,Rhyloo,ysenecautct@wikia.com,9886108196,Regrant,Once upon a time,Janitor,This is a message,01001001010,24.11.2016,26/7/2016,21/1/2017
463,Zachery Ambrois,Dynava,zambroiscu@sitemeter.com,8392526929,Lotlux,Weekend project,building manager,Long message,01001001010,31.10.2016,15/12/2017,8/10/2016
464,Amabelle Comben,Wordify,acombencv@ucsd.edu,9948335482,Fix San,Weekend project,building manager,Long message,0101001000101010,26.4.2017,9/8/2016,8/5/2018
465,Hyacintha MacGibbon,Gigabox,hmacgibboncw@furl.net,9991646529,Bamity,Weekend project,Director,This is a message,01010101010010101010,23.11.2017,17/10/2018,26/7/2017
466,Dorita Kirstein,Mynte,dkirsteincx@google.co.uk,3053989563,Flexidy,Top secret project,Janitor,This is a message,01010101010101011001001,6.2.2019,23/12/2017,4/11/2017
467,Edvard Northrop,Feedfire,enorthropcy@columbia.edu,1104910293,Fintone,Once upon a time,Building operator,Long message,0101001000101010,29.8.2018,9/3/2017,15/1/2019
468,Eldridge Eastgate,LiveZ,eeastgatecz@marketwatch.com,4469476636,Alphazap,Once upon a time,building manager,Look at me,0101001000101010,24.4.2016,26/6/2016,16/5/2016
469,Rebeka Ellaway,Youtags,rellawayd0@example.com,6936574206,Biodex,Top secret project,Janitor,Long message,01010101010010101010,5.2.2019,4/4/2016,6/6/2016
470,Judi Joskowicz,Voonte,jjoskowiczd1@sitemeter.com,2327920660,Daltfresh,Weekend project,Janitor,Long message,01001001010,13.2.2019,14/10/2017,9/7/2017
471,Levi Scoffham,Voolith,lscoffhamd2@ca.gov,9478976501,Biodex,Weekend project,Director,Look at me,01010101010010101010,10.3.2018,1/8/2017,27/11/2017
472,Calvin Quartly,Shuffledrive,cquartlyd3@tinypic.com,1089326239,Stringtough,Weekend project,Director,This is a message,01010101010010101010,21.5.2018,19/11/2018,26/7/2016
473,Raul Thompkins,Dazzlesphere,rthompkinsd4@fastcompany.com,4815192497,Konklab,Weekend project,building manager,Long message,0101001000101010,2.8.2018,2/9/2018,25/3/2017
474,Alli Woliter,Yakitri,awoliterd5@ca.gov,2984746134,Vagram,Top secret project,Director,This is a message,01001001010,8.8.2017,17/7/2018,24/3/2016
475,Olin Urien,Linkbuzz,ouriend6@nba.com,8545838784,Veribet,Weekend project,Janitor,Long message,01010101010101011001001,11.10.2017,3/4/2016,28/5/2016
476,Dorie Goundrill,Photobug,dgoundrilld7@desdev.cn,4423602003,Toughjoyfax,Once upon a time,Building operator,Long message,0101001000101010,16.10.2017,17/12/2016,24/2/2017
477,Brina ABarrow,Wordify,babarrowd8@flickr.com,5715063629,Solarbreeze,Top secret project,Building operator,Long message,0101001000101010,10.4.2018,17/2/2018,18/8/2016
478,Willard Innis,Realcube,winnisd9@typepad.com,3179143951,Flexidy,Top secret project,building manager,Long message,0101001000101010,6.11.2018,5/11/2017,15/2/2019
479,Edna Hirtz,Zoombox,ehirtzda@dropbox.com,8831562398,Daltfresh,Once upon a time,building manager,Long message,01010101010101011001001,28.2.2018,3/1/2018,5/12/2016
480,Madelene Syme,Photobug,msymedb@ow.ly,3956062469,Sonair,Big big big big project,building manager,Long message,01010101010010101010,21.6.2017,2/10/2018,23/11/2018
481,Ameline Jurzyk,Eamia,ajurzykdc@mayoclinic.com,8661485687,Y-Solowarm,Top secret project,Director,This is a message,01001001010,31.10.2016,2/6/2017,19/12/2017
482,Francklyn Longcake,Dabjam,flongcakedd@dailymotion.com,6842193631,Zathin,Once upon a time,Building operator,This is a message,01010101010010101010,22.7.2016,8/8/2018,28/7/2016
483,Kennie Surgeon,Zazio,ksurgeonde@topsy.com,8023776126,Job,Top secret project,building manager,Look at me,01001001010,26.8.2018,12/9/2017,29/7/2018
484,Mozes Blakeway,Centimia,mblakewaydf@jimdo.com,1633427645,Fintone,Once upon a time,Building operator,Look at me,01010101010101011001001,21.9.2017,1/5/2017,7/4/2017
485,Renell Booy,Voonix,rbooydg@sogou.com,2893096126,It,Top secret project,Janitor,Long message,0101001000101010,16.8.2018,14/5/2017,14/1/2018
486,Beret Swatton,Thoughtbridge,bswattondh@cyberchimps.com,6987210129,Span,Weekend project,building manager,Look at me,01010101010010101010,23.1.2017,2/8/2018,5/7/2017
487,Maximilianus Ketton,Bubbletube,mkettondi@clickbank.net,9453404770,Tin,Once upon a time,Director,Long message,01001001010,4.6.2017,7/1/2018,24/12/2017
488,Montgomery Eden,Flipstorm,medendj@ovh.net,2636699079,Bamity,Top secret project,Janitor,Long message,01010101010101011001001,21.6.2017,13/2/2019,28/3/2016
489,Pembroke Upstell,Agivu,pupstelldk@unblog.fr,2688222890,Quo Lux,Once upon a time,building manager,This is a message,01010101010010101010,21.12.2017,27/7/2018,3/10/2016
490,Clarabelle Cargen,Flipopia,ccargendl@intel.com,6586326443,Sonair,Once upon a time,building manager,Look at me,01010101010010101010,7.7.2017,14/8/2017,13/1/2019
491,Brnaba Molson,Cogilith,bmolsondm@youku.com,2722716603,Bitchip,Once upon a time,Director,This is a message,01001001010,22.4.2016,26/10/2018,14/10/2016
492,Michael Gilling,Pixope,mgillingdn@surveymonkey.com,5713665318,Biodex,Big big big big project,Building operator,Look at me,01001001010,2.1.2017,18/5/2016,8/1/2018
493,Kylie Frenchum,Skyndu,kfrenchumdo@google.it,6023762192,Latlux,Weekend project,building manager,This is a message,0101001000101010,1.8.2016,2/6/2018,11/2/2018
494,Sam Archibold,LiveZ,sarchibolddp@reverbnation.com,2502562612,Bitwolf,Big big big big project,building manager,Long message,01010101010010101010,7.4.2016,5/11/2016,20/5/2017
495,Wiley Buckingham,Brainbox,wbuckinghamdq@sakura.ne.jp,6756720596,Bamity,Top secret project,Building operator,This is a message,0101001000101010,14.11.2018,5/1/2019,3/8/2018
496,Charmine Giraudoux,Topicware,cgiraudouxdr@princeton.edu,6941248465,Bigtax,Weekend project,Building operator,Look at me,01010101010101011001001,7.4.2016,8/4/2016,16/9/2018
497,Yorgos Vankin,Meetz,yvankinds@nydailynews.com,5086872261,Namfix,Big big big big project,Building operator,Look at me,01001001010,18.2.2019,4/7/2016,6/8/2018
498,Kalina Bouette,Skilith,kbouettedt@discuz.net,7973130391,Konklab,Top secret project,Building operator,Long message,01010101010101011001001,1.1.2018,7/12/2017,13/12/2017
499,Maximilian Endle,Mydeo,mendledu@homestead.com,5454126933,Andalax,Once upon a time,Building operator,Long message,01001001010,11.6.2017,4/4/2017,5/1/2017
500,Rhea Fryatt,Gigaclub,rfryattdv@canalblog.com,6335579795,Voltsillam,Big big big big project,Director,Long message,01010101010101011001001,2.5.2017,30/5/2017,17/6/2017
