id,created_at,updated_at,full_name,phone_number,email,business_name,building_type,quality,elevator_price,installation_price,number_elevator,total_price,number_appartment,number_floor,number_basement,number_parking_space,maximum_occupant_per_floor,hour_of_activity,number_of_elevators_cage,number_of_trade_market,number_of_distinct_business
1,9/7/2018,4/8/2018,Wylma Sabbins,1721203010,wsabbins0@wordpress.org,Twitterbridge,Residential,Standard,26563,4198,24,29024,361,65,2,0,0,0,0,0,0
2,15/9/2017,25/11/2018,Sarena Stuckley,2997110461,sstuckley1@youtube.com,Topdrive,Commercial,Premium,17706,3716,47,46393,427,23,4,0,0,0,0,0,0
3,20/7/2018,27/10/2018,Gwyneth Lamlin,4656843134,glamlin2@imgur.com,Devpoint,Corporate,Standard,33178,2767,17,16444,292,86,3,0,0,0,0,0,0
4,18/6/2018,27/6/2018,Emlyn Kidds,6216479694,ekidds3@goo.gl,Skilith,Commercial,Premium,31568,1048,33,23225,227,68,1,0,0,0,0,0,0
5,26/5/2018,30/8/2018,Silas Yendall,6709843258,syendall4@redcross.org,Wordify,Hybrid,Standard,48953,1941,25,9721,141,49,2,0,0,0,0,0,0
6,23/7/2018,27/8/2018,Ebba Goddman,5631648698,egoddman5@blogger.com,Browsetype,Commercial,Premium,32051,2757,34,39586,355,73,4,0,0,0,0,0,0
7,7/11/2018,10/3/2019,Elke Whatson,8436903216,ewhatson6@cnet.com,Thoughtsphere,Hybrid,Premium,38501,4743,47,21114,377,20,4,0,0,0,0,0,0
8,23/9/2017,10/10/2018,Ange Wolfendell,3288674165,awolfendell7@so-net.ne.jp,Fivechat,Corporate,Premium,2807,889,32,34936,221,8,2,0,0,0,0,0,0
9,8/6/2017,5/5/2018,Hogan Oxby,9337946878,hoxby8@unicef.org,Dabtype,Corporate,Standard,12976,657,47,44368,250,89,5,0,0,0,0,0,0
10,1/11/2018,22/12/2018,Hubie Isaacs,5645981292,hisaacs9@desdev.cn,Skivee,Corporate,Excelium,23621,1934,5,50791,104,9,5,0,0,0,0,0,0
11,22/6/2017,30/8/2018,Agnola Blewis,9555590758,ablewisa@whitehouse.gov,Rhyloo,Residential,Excelium,25783,2198,47,35680,2,7,3,0,0,0,0,0,0
12,6/8/2017,9/8/2018,Melba Dorn,7865983092,mdornb@over-blog.com,Photolist,Commercial,Standard,28129,2734,2,24315,399,98,2,0,0,0,0,0,0
13,11/6/2017,26/11/2018,Ad Serrurier,5987951189,aserrurierc@columbia.edu,Rhynoodle,Residential,Standard,6764,4554,31,7407,251,65,5,0,0,0,0,0,0
14,15/8/2017,20/1/2019,Moise Merrgan,5293805023,mmerrgand@devhub.com,Jamia,Residential,Standard,44656,4413,16,54034,44,95,0,0,0,0,0,0,0
15,24/5/2017,4/9/2018,Kary Ludlem,8465109489,kludleme@1und1.de,Realblab,Residential,Excelium,9169,4551,3,36190,461,54,1,0,0,0,0,0,0
16,21/3/2018,23/9/2018,Grier Argyle,4393459303,gargylef@amazon.com,Realblab,Hybrid,Premium,12771,631,28,40809,278,64,3,0,0,0,0,0,0
17,17/5/2018,12/1/2019,Estevan McLanachan,9528960709,emclanachang@usa.gov,Meevee,Corporate,Premium,28723,1837,27,33925,239,9,5,0,0,0,0,0,0
18,27/4/2017,14/10/2018,Halette Brosoli,8912766658,hbrosolih@ow.ly,Skyba,Hybrid,Excelium,2815,3099,21,46094,223,35,0,0,0,0,0,0,0
19,27/7/2017,7/9/2018,Xylia Carreck,8934962817,xcarrecki@mit.edu,Zoomdog,Commercial,Standard,25497,1892,35,6083,412,48,2,0,0,0,0,0,0
20,21/2/2019,17/2/2019,Pail Bestwick,8913883124,pbestwickj@bloglovin.com,Latz,Residential,Premium,28508,950,1,51420,468,42,0,0,0,0,0,0,0
21,11/3/2019,23/12/2018,Imelda Pendall,9009937011,ipendallk@reference.com,Buzzbean,Residential,Excelium,33485,4318,17,28340,280,97,1,0,0,0,0,0,0
22,9/8/2016,17/4/2018,Minda Purdie,6306088349,mpurdiel@thetimes.co.uk,Divanoodle,Commercial,Excelium,49495,1245,46,12779,67,12,5,0,0,0,0,0,0
23,4/9/2018,12/1/2019,Gabriel Lamcken,1122956512,glamckenm@gmpg.org,Tagfeed,Hybrid,Excelium,35369,3304,25,33559,16,14,1,0,0,0,0,0,0
24,21/8/2017,10/7/2018,Nowell Camelli,4644647306,ncamellin@discovery.com,Blogpad,Hybrid,Excelium,25755,4786,6,36946,458,52,2,0,0,0,0,0,0
25,16/12/2018,4/11/2018,Arron Maddison,8497219748,amaddisono@omniture.com,Katz,Residential,Standard,10101,2426,11,14538,287,56,1,0,0,0,0,0,0
26,17/4/2016,31/5/2018,Corie Angood,1422088812,cangoodp@java.com,Katz,Commercial,Standard,31008,4254,19,30664,102,98,1,0,0,0,0,0,0
27,15/11/2018,7/5/2018,Anthe Nicholson,2331213792,anicholsonq@zimbio.com,Jaxbean,Residential,Premium,12844,3589,28,25323,337,47,2,0,0,0,0,0,0
28,18/1/2019,4/1/2019,Yulma Klulik,6031677043,yklulikr@people.com.cn,Zoomdog,Hybrid,Excelium,17254,2823,26,17822,326,21,4,0,0,0,0,0,0
29,6/11/2016,3/1/2019,Odell Slocket,1608803705,oslockets@diigo.com,Photofeed,Hybrid,Premium,45666,3426,28,10606,141,53,2,0,0,0,0,0,0
30,21/12/2016,10/7/2018,Kassey Feak,4139738877,kfeakt@army.mil,Twimm,Commercial,Premium,44246,3709,5,22256,460,18,5,0,0,0,0,0,0
31,1/3/2018,4/1/2019,Masha Philipard,4178092692,mphilipardu@godaddy.com,Aimbu,Residential,Standard,16302,4419,3,20550,18,98,1,0,0,0,0,0,0
32,10/11/2018,16/12/2018,Celeste De Rye Barrett,5452983652,cdev@e-recht24.de,Cogidoo,Residential,Excelium,26946,2026,41,10214,285,82,0,0,0,0,0,0,0
33,17/9/2018,19/12/2018,Ruddy Tolle,9737263430,rtollew@sohu.com,Kare,Residential,Excelium,34165,2945,10,42006,373,40,0,0,0,0,0,0,0
34,13/7/2017,29/1/2019,Austen Lammers,6046129240,alammersx@a8.net,Trilith,Hybrid,Excelium,13638,3902,17,29789,375,41,3,0,0,0,0,0,0
35,22/12/2016,13/11/2018,Rafferty Wincott,3164930956,rwincotty@geocities.com,Eayo,Corporate,Premium,14862,1124,47,47336,356,13,5,0,0,0,0,0,0
36,16/3/2018,29/1/2019,Glynda Point,2219770816,gpointz@desdev.cn,Skidoo,Hybrid,Premium,23902,2375,42,9102,451,27,2,0,0,0,0,0,0
37,19/5/2017,1/5/2018,Edvard Valois,2158449002,evalois10@nifty.com,Vimbo,Corporate,Premium,13205,518,10,21222,64,63,5,0,0,0,0,0,0
38,17/9/2018,8/6/2018,Sullivan Dasent,3041918168,sdasent11@w3.org,Fliptune,Residential,Standard,42498,3709,47,21094,134,43,4,0,0,0,0,0,0
39,25/5/2018,22/9/2018,Kamilah Arnli,2141138977,karnli12@ifeng.com,Vinder,Corporate,Standard,1621,607,10,38311,454,86,0,0,0,0,0,0,0
40,24/5/2017,1/3/2019,Karlis Cadge,1726629295,kcadge13@github.com,Rhybox,Corporate,Standard,25162,2631,4,38439,19,98,3,0,0,0,0,0,0
41,30/5/2016,1/9/2018,Feliks Gadsby,8558356963,fgadsby14@mozilla.org,Oyoloo,Hybrid,Excelium,7114,3011,38,14785,156,9,5,0,0,0,0,0,0
42,17/2/2018,18/11/2018,Devonne Dregan,6441364532,ddregan15@multiply.com,Zooveo,Corporate,Excelium,48680,1695,42,23673,89,34,2,0,0,0,0,0,0
43,30/12/2016,21/6/2018,Noella Wynes,8441019697,nwynes16@stanford.edu,Riffwire,Hybrid,Excelium,46609,4330,27,6714,110,62,2,0,0,0,0,0,0
44,4/3/2017,17/2/2019,Tonya Danilin,1164807062,tdanilin17@macromedia.com,Vimbo,Corporate,Excelium,48200,503,49,5657,2,21,3,0,0,0,0,0,0
45,3/12/2018,13/1/2019,Ariel Menis,5103627826,amenis18@google.pl,Vipe,Residential,Standard,32995,3661,37,19015,461,90,4,0,0,0,0,0,0
46,26/8/2018,11/5/2018,Niki Delle,3196038346,ndelle19@microsoft.com,Linklinks,Residential,Premium,9753,1522,47,24967,227,93,0,0,0,0,0,0,0
47,2/3/2019,2/10/2018,Jamal Skipp,8063047102,jskipp1a@studiopress.com,Abatz,Residential,Standard,6681,2394,50,10366,474,14,4,0,0,0,0,0,0
48,2/1/2018,23/9/2018,Dallas Dawby,6023408115,ddawby1b@nsw.gov.au,Photojam,Residential,Excelium,33797,706,26,27998,338,27,1,0,0,0,0,0,0
49,29/7/2017,24/12/2018,Quinn Pesic,3309661900,qpesic1c@freewebs.com,Skinder,Hybrid,Standard,29644,1316,35,46937,283,9,0,0,0,0,0,0,0
50,10/9/2018,12/12/2018,Fayette Gori,3261159194,fgori1d@slideshare.net,Linklinks,Corporate,Premium,43910,3523,50,16108,358,22,5,0,0,0,0,0,0
51,22/1/2019,27/2/2019,Merla Olpin,2775258531,molpin1e@latimes.com,Tagopia,Corporate,Excelium,25020,2540,39,7624,328,89,3,0,0,0,0,0,0
52,21/9/2017,6/12/2018,Russ Jewar,5651648362,rjewar1f@senate.gov,Youspan,Commercial,Excelium,5414,571,37,5263,276,47,1,0,0,0,0,0,0
53,8/9/2018,19/4/2018,Levy Buessen,5401838874,lbuessen1g@upenn.edu,Feedfire,Commercial,Standard,48757,3355,30,48760,385,27,0,0,0,0,0,0,0
54,27/7/2017,20/4/2018,Gavan Arran,8701090161,garran1h@ezinearticles.com,Jaxbean,Corporate,Excelium,18675,2205,39,28161,85,27,4,0,0,0,0,0,0
55,21/4/2017,25/2/2019,Byran Minton,8286501491,bminton1i@illinois.edu,Teklist,Commercial,Excelium,49071,1243,47,12373,322,22,4,0,0,0,0,0,0
56,18/4/2016,15/3/2018,Cheryl Stockow,2874248317,cstockow1j@ezinearticles.com,Pixope,Corporate,Standard,21283,1592,9,54855,447,78,3,0,0,0,0,0,0
57,30/7/2017,31/12/2018,Joshua Liggens,3052207245,jliggens1k@amazon.co.jp,Roombo,Hybrid,Premium,35149,4568,25,21317,375,35,5,0,0,0,0,0,0
58,20/2/2018,30/8/2018,Oswald Rawlyns,4301828640,orawlyns1l@smugmug.com,Tagchat,Commercial,Premium,32837,1128,13,28872,95,87,5,0,0,0,0,0,0
59,3/3/2018,26/2/2019,Kerwinn Shanklin,3797484500,kshanklin1m@wired.com,Tagopia,Hybrid,Premium,27069,2614,43,36482,94,51,3,0,0,0,0,0,0
60,8/3/2018,2/1/2019,Ab MacInerney,2615076082,amacinerney1n@telegraph.co.uk,Meeveo,Residential,Excelium,35501,3932,3,39457,195,53,0,0,0,0,0,0,0
61,24/10/2017,19/10/2018,Hieronymus Folonin,5349073912,hfolonin1o@github.io,Thoughtsphere,Corporate,Standard,46218,817,26,18343,495,67,3,0,0,0,0,0,0
62,2/6/2016,3/2/2019,Jarad Lambdin,7491076718,jlambdin1p@cbslocal.com,Myworks,Commercial,Premium,29932,544,17,8262,118,22,1,0,0,0,0,0,0
63,1/1/2017,13/7/2018,Jodie Dahlberg,2117216848,jdahlberg1q@opensource.org,Skyble,Hybrid,Excelium,14191,3339,15,48130,412,41,0,0,0,0,0,0,0
64,16/8/2017,26/5/2018,Claudian Cheeld,5026584408,ccheeld1r@example.com,Blognation,Commercial,Standard,3537,1382,35,42573,92,71,3,0,0,0,0,0,0
65,17/10/2017,10/8/2018,Lauralee Batrick,3797176184,lbatrick1s@trellian.com,Eabox,Corporate,Excelium,7257,3908,46,40133,443,57,0,0,0,0,0,0,0
66,21/8/2017,10/2/2019,Nicoli Ixer,4009978659,nixer1t@mayoclinic.com,Skyndu,Hybrid,Excelium,39283,2104,50,36730,161,37,2,0,0,0,0,0,0
67,7/3/2018,14/4/2018,Faustina Greetham,2174633336,fgreetham1u@amazon.co.jp,Yacero,Residential,Excelium,23436,1600,50,10400,267,11,3,0,0,0,0,0,0
68,31/1/2019,14/9/2018,Rubia Petch,2711522551,rpetch1v@tumblr.com,Buzzdog,Hybrid,Standard,10454,1918,46,18312,411,46,2,0,0,0,0,0,0
69,21/8/2016,26/1/2019,Briney Layne,7681364061,blayne1w@kickstarter.com,Dabtype,Commercial,Excelium,45475,2446,36,53301,492,15,3,0,0,0,0,0,0
70,30/3/2016,21/12/2018,Maurizio Toor,3018568307,mtoor1x@hao123.com,Zoozzy,Commercial,Excelium,24768,1116,1,34147,33,68,2,0,0,0,0,0,0
71,26/12/2016,25/9/2018,Hermy Daud,9122862351,hdaud1y@loc.gov,Aimbo,Residential,Premium,48949,1624,14,49395,190,28,0,0,0,0,0,0,0
72,18/5/2016,19/5/2018,Quint Allcoat,4985947290,qallcoat1z@naver.com,Flashspan,Commercial,Standard,1188,2812,1,26266,360,34,5,0,0,0,0,0,0
73,13/12/2016,30/3/2018,Gayel Eversley,2375102155,geversley20@yelp.com,Livepath,Residential,Excelium,31735,4627,49,47778,30,75,1,0,0,0,0,0,0
74,29/8/2018,20/8/2018,Morlee Upcraft,1586173906,mupcraft21@artisteer.com,Roodel,Residential,Standard,25166,4265,43,49771,292,45,1,0,0,0,0,0,0
75,20/10/2018,26/10/2018,Virginie Sudddard,3013716867,vsudddard22@quantcast.com,Thoughtworks,Corporate,Excelium,7277,1695,10,17388,372,21,0,0,0,0,0,0,0
76,27/6/2018,21/10/2018,Averell Duquesnay,9283563091,aduquesnay23@geocities.com,Twitternation,Corporate,Premium,21739,3028,41,46841,200,40,0,0,0,0,0,0,0
77,7/4/2016,26/2/2019,Aldus Maneylaws,5721797794,amaneylaws24@digg.com,Riffwire,Residential,Standard,2983,3559,10,1951,103,7,4,0,0,0,0,0,0
78,21/7/2017,23/11/2018,Francisca Pitkaithly,3604550763,fpitkaithly25@flavors.me,Oozz,Corporate,Premium,36729,1246,21,12672,293,26,4,0,0,0,0,0,0
79,27/12/2016,28/7/2018,Jojo Malbon,9144705332,jmalbon26@springer.com,Edgeify,Corporate,Standard,10272,4879,6,17136,496,51,0,0,0,0,0,0,0
80,29/6/2018,12/2/2019,Anders Eagleton,5191976934,aeagleton27@yahoo.com,Edgeblab,Commercial,Standard,29599,3459,6,10525,490,55,2,0,0,0,0,0,0
81,5/3/2019,16/12/2018,Fania Tenney,7246968637,ftenney28@google.co.jp,Tekfly,Corporate,Premium,47781,4319,41,35978,489,99,5,0,0,0,0,0,0
82,17/4/2018,1/3/2019,Neddie Rawlin,8787718491,nrawlin29@biblegateway.com,Skidoo,Residential,Standard,20165,2719,37,4464,240,4,3,0,0,0,0,0,0
83,12/11/2017,8/8/2018,Jody Reven,8087141983,jreven2a@myspace.com,Babblestorm,Residential,Excelium,14536,3677,47,43426,427,32,5,0,0,0,0,0,0
84,20/1/2017,11/6/2018,Graig Ilyin,5601088960,gilyin2b@ucoz.com,Realfire,Residential,Excelium,3446,1017,18,3246,392,67,2,0,0,0,0,0,0
85,18/1/2017,10/3/2019,Dela Saenz,5678263035,dsaenz2c@sciencedirect.com,Midel,Commercial,Standard,29961,3282,49,37908,148,84,1,0,0,0,0,0,0
86,20/10/2017,7/4/2018,Guss Ohlsen,5257881617,gohlsen2d@comcast.net,Skippad,Residential,Premium,35636,1559,42,50588,256,55,2,0,0,0,0,0,0
87,3/11/2017,4/1/2019,Rebekkah Giovanni,7631685913,rgiovanni2e@nytimes.com,Skivee,Commercial,Premium,45001,2762,16,27013,375,78,1,0,0,0,0,0,0
88,23/11/2016,30/12/2018,Sheeree Paquet,2022657623,spaquet2f@wiley.com,Latz,Corporate,Excelium,1178,4586,36,43259,301,71,2,0,0,0,0,0,0
89,17/6/2018,7/5/2018,Finley Cockett,1087364993,fcockett2g@t-online.de,Blogtag,Hybrid,Excelium,4783,2733,17,31492,109,100,4,0,0,0,0,0,0
90,10/8/2018,6/12/2018,Gabriel Prati,1361706757,gprati2h@hexun.com,Skiptube,Commercial,Premium,27976,1530,6,7694,419,86,1,0,0,0,0,0,0
91,27/1/2019,16/11/2018,Doris Runnett,9365730266,drunnett2i@umn.edu,Divape,Corporate,Excelium,24743,941,37,34528,499,76,5,0,0,0,0,0,0
92,19/1/2018,12/10/2018,Merrill Benfell,4651439665,mbenfell2j@imageshack.us,Photofeed,Hybrid,Standard,49875,4223,44,29389,211,40,4,0,0,0,0,0,0
93,22/12/2016,1/12/2018,Caspar Napper,4813962078,cnapper2k@zdnet.com,Thoughtbeat,Corporate,Standard,42214,1031,7,11778,227,63,5,0,0,0,0,0,0
94,6/6/2018,15/7/2018,August Karolczyk,9396210498,akarolczyk2l@nsw.gov.au,Aimbu,Corporate,Premium,49142,2800,11,14584,369,38,1,0,0,0,0,0,0
95,7/1/2019,31/10/2018,Laverne Tradewell,8187484392,ltradewell2m@tinypic.com,Twitterbridge,Corporate,Excelium,48159,2569,28,32106,38,16,4,0,0,0,0,0,0
96,12/7/2016,9/8/2018,Elwira Larway,1491689763,elarway2n@printfriendly.com,Browsebug,Residential,Excelium,47901,685,47,28222,230,98,1,0,0,0,0,0,0
97,5/12/2016,17/12/2018,Cloe Tures,1422847776,ctures2o@google.ca,Skyble,Commercial,Premium,7982,2385,17,25448,141,23,2,0,0,0,0,0,0
98,16/4/2018,14/7/2018,Guido Polye,5746179729,gpolye2p@bandcamp.com,Oozz,Residential,Premium,44199,4796,29,25017,138,16,2,0,0,0,0,0,0
99,21/7/2018,7/12/2018,Pascal Dilliston,3405493082,pdilliston2q@guardian.co.uk,Oyope,Residential,Standard,44206,1352,50,14781,427,87,3,0,0,0,0,0,0
100,5/10/2018,28/7/2018,Lyndsay Shailer,4076193217,lshailer2r@cmu.edu,Roodel,Corporate,Standard,38245,3452,35,38226,111,93,0,0,0,0,0,0,0
101,5/1/2017,21/2/2019,Lee Fifield,6884276333,lfifield2s@stanford.edu,Dynava,Commercial,Standard,35204,3365,17,34769,77,50,0,0,0,0,0,0,0
102,12/4/2018,3/10/2018,Wilburt Coolican,8138484373,wcoolican2t@nbcnews.com,Agimba,Commercial,Standard,43304,4430,20,48392,430,35,2,0,0,0,0,0,0
103,9/8/2016,29/6/2018,Isaak Lippett,4186305238,ilippett2u@wunderground.com,Yacero,Hybrid,Standard,14502,1774,12,24290,91,45,1,0,0,0,0,0,0
104,11/5/2016,25/7/2018,Consolata Hastler,4897501193,chastler2v@sourceforge.net,Ozu,Residential,Excelium,30544,4591,11,47856,375,56,5,0,0,0,0,0,0
105,2/2/2019,13/2/2019,Millicent Farryann,9795004134,mfarryann2w@census.gov,Skyba,Residential,Premium,12089,4902,27,13662,431,76,2,0,0,0,0,0,0
106,1/5/2017,7/3/2019,Guglielma Naisbit,5102467338,gnaisbit2x@amazon.co.jp,Riffpedia,Hybrid,Premium,44883,2429,11,33971,55,75,1,0,0,0,0,0,0
107,31/12/2018,5/6/2018,Kathe Richardsson,7364610551,krichardsson2y@prnewswire.com,Voolith,Corporate,Standard,42134,3767,18,8172,257,74,4,0,0,0,0,0,0
108,24/3/2018,17/3/2018,Faith Zanetti,8238954019,fzanetti2z@foxnews.com,Jayo,Residential,Premium,10496,4638,17,43617,256,65,3,0,0,0,0,0,0
109,2/5/2017,20/9/2018,Xever Castagneto,4324579787,xcastagneto30@nature.com,Livetube,Commercial,Excelium,15564,822,45,51891,418,58,3,0,0,0,0,0,0
110,14/5/2017,17/5/2018,Erinn Brigginshaw,8061797736,ebrigginshaw31@ycombinator.com,Livetube,Commercial,Excelium,35691,1252,27,27280,273,38,0,0,0,0,0,0,0
111,10/1/2017,30/6/2018,Opaline Cooper,2264684799,ocooper32@jigsy.com,Skimia,Hybrid,Excelium,43243,1610,30,22165,124,12,1,0,0,0,0,0,0
112,6/2/2017,28/8/2018,Shirleen Pettiford,7936250056,spettiford33@csmonitor.com,Yombu,Hybrid,Excelium,42844,4265,42,7625,174,49,5,0,0,0,0,0,0
113,8/1/2017,5/3/2019,Harald Karpenya,3788903503,hkarpenya34@nyu.edu,Skyble,Commercial,Excelium,25415,3166,7,15012,1,79,0,0,0,0,0,0,0
114,21/7/2018,27/3/2018,Fania Dionsetto,1466972967,fdionsetto35@stanford.edu,Avavee,Commercial,Premium,7857,1850,26,2578,302,62,2,0,0,0,0,0,0
115,10/10/2018,26/4/2018,Yvette Aslet,9401153298,yaslet36@tumblr.com,Feedmix,Hybrid,Excelium,3473,2283,29,47843,93,56,4,0,0,0,0,0,0
116,30/6/2017,30/9/2018,Linell Gulliver,8217363070,lgulliver37@ft.com,Tavu,Residential,Premium,12905,4441,19,50730,151,91,1,0,0,0,0,0,0
117,21/10/2018,29/4/2018,Willdon Cumbes,2418065694,wcumbes38@slashdot.org,Linklinks,Hybrid,Premium,47979,4543,25,21402,40,33,0,0,0,0,0,0,0
118,22/8/2018,15/8/2018,Tabbie Lowen,7629613968,tlowen39@kickstarter.com,Zoombeat,Hybrid,Premium,24518,3528,14,41354,130,21,1,0,0,0,0,0,0
119,20/5/2016,27/9/2018,Asa Plampeyn,7575606955,aplampeyn3a@amazon.co.uk,Fivespan,Hybrid,Standard,25890,2035,25,12779,123,69,5,0,0,0,0,0,0
120,8/9/2018,2/1/2019,George Grist,2997751876,ggrist3b@amazonaws.com,Bluejam,Hybrid,Premium,4886,757,35,2118,145,59,2,0,0,0,0,0,0
121,5/12/2017,27/3/2018,Godart Beever,6776750079,gbeever3c@cargocollective.com,Tagtune,Residential,Standard,30354,4110,6,12239,74,18,0,0,0,0,0,0,0
122,29/12/2016,18/12/2018,Chicky Goncalo,2022889079,cgoncalo3d@about.me,Eimbee,Hybrid,Standard,47426,1801,41,23240,467,91,5,0,0,0,0,0,0
123,12/11/2016,22/12/2018,Nicki Nano,6616730526,nnano3e@qq.com,Tambee,Corporate,Standard,29255,1104,19,3925,406,82,3,0,0,0,0,0,0
124,10/2/2018,21/3/2018,Karyl Magwood,5738925843,kmagwood3f@ucsd.edu,Skalith,Hybrid,Premium,8049,2184,17,27505,452,5,0,0,0,0,0,0,0
125,14/5/2017,9/5/2018,Zack Ace,9298336598,zace3g@mozilla.org,Edgeify,Commercial,Standard,45034,2723,47,54435,193,94,0,0,0,0,0,0,0
126,11/4/2018,9/7/2018,Ivett Dripp,4132885296,idripp3h@un.org,Gabtype,Corporate,Standard,36662,4586,13,22213,138,36,3,0,0,0,0,0,0
127,3/11/2017,2/5/2018,Francis Masterman,9009668572,fmasterman3i@google.cn,Gabtype,Hybrid,Premium,26314,3614,14,14019,146,58,4,0,0,0,0,0,0
128,20/5/2018,31/12/2018,Sharity Kays,1897407524,skays3j@merriam-webster.com,Jabbercube,Corporate,Standard,6986,1495,37,11807,283,76,3,0,0,0,0,0,0
129,27/11/2016,23/9/2018,Anna Cawthra,7916342498,acawthra3k@xrea.com,Yata,Residential,Standard,43078,2474,10,29950,226,7,2,0,0,0,0,0,0
130,19/12/2017,24/4/2018,Alfy McTaggart,9332915797,amctaggart3l@usgs.gov,Janyx,Commercial,Premium,7668,1165,36,27951,25,8,0,0,0,0,0,0,0
131,28/1/2018,13/4/2018,Danny Westney,8154297675,dwestney3m@howstuffworks.com,Podcat,Residential,Standard,7404,4360,27,33559,152,81,5,0,0,0,0,0,0
132,17/9/2016,10/7/2018,Olympie Kindleside,2007738452,okindleside3n@oracle.com,Wordware,Corporate,Premium,1637,3464,11,47903,196,51,1,0,0,0,0,0,0
133,3/2/2017,28/2/2019,Eustace Shilling,3838390039,eshilling3o@weebly.com,Wikizz,Residential,Premium,16031,2943,15,23650,252,82,0,0,0,0,0,0,0
134,7/5/2016,20/9/2018,Joeann Pavlenkov,7045538714,jpavlenkov3p@virginia.edu,InnoZ,Hybrid,Premium,36261,3833,33,51632,79,98,2,0,0,0,0,0,0
135,15/10/2018,3/9/2018,Chandler Diego,2895526018,cdiego3q@va.gov,Vitz,Residential,Excelium,40853,1753,15,7718,208,91,4,0,0,0,0,0,0
136,25/10/2018,20/4/2018,Antone Derkes,6131320696,aderkes3r@mac.com,Aivee,Commercial,Premium,45436,1712,31,6218,366,4,2,0,0,0,0,0,0
137,19/11/2016,3/8/2018,Bartholomeus Calderbank,3724718842,bcalderbank3s@bizjournals.com,Centimia,Commercial,Premium,16810,514,35,51733,358,94,4,0,0,0,0,0,0
138,30/4/2016,24/9/2018,Fabio Calton,5894009007,fcalton3t@hhs.gov,InnoZ,Commercial,Excelium,27425,1678,36,26344,366,19,1,0,0,0,0,0,0
139,24/3/2017,25/1/2019,Codie Oldis,1669999974,coldis3u@discovery.com,Lazz,Residential,Premium,9049,3551,7,14235,87,94,2,0,0,0,0,0,0
140,4/6/2018,24/1/2019,Jocelin Phillcock,9121089010,jphillcock3v@privacy.gov.au,Quaxo,Commercial,Excelium,8974,1903,16,32646,39,67,2,0,0,0,0,0,0
141,8/6/2017,7/5/2018,Patrick Sperrett,5901287106,psperrett3w@usatoday.com,Skipfire,Residential,Standard,16859,3933,35,46647,71,38,5,0,0,0,0,0,0
142,18/4/2017,15/3/2018,Cordelie Geraudel,3149052569,cgeraudel3x@about.me,Yozio,Hybrid,Excelium,26008,3964,27,40716,1,70,3,0,0,0,0,0,0
143,23/4/2016,18/12/2018,Veronique Worsalls,1988035246,vworsalls3y@1688.com,Zoomzone,Hybrid,Premium,23498,4033,19,6029,68,58,5,0,0,0,0,0,0
144,3/8/2017,27/11/2018,Jerry Swatradge,8804921007,jswatradge3z@naver.com,Riffwire,Hybrid,Premium,33632,2261,36,16382,105,97,4,0,0,0,0,0,0
145,8/4/2016,25/1/2019,Kirstin Poytheras,4683625343,kpoytheras40@howstuffworks.com,Skilith,Corporate,Premium,14982,940,1,17627,273,65,0,0,0,0,0,0,0
146,3/6/2018,24/4/2018,Georgie Gadsden,3323939345,ggadsden41@adobe.com,Realpoint,Hybrid,Excelium,13690,1539,49,44548,121,74,1,0,0,0,0,0,0
147,5/6/2016,3/11/2018,Hunfredo Edmondson,2432625872,hedmondson42@ihg.com,Skipfire,Hybrid,Premium,38800,2941,11,9884,55,9,1,0,0,0,0,0,0
148,2/7/2016,26/1/2019,Adam Bottoms,7315090813,abottoms43@technorati.com,Gabspot,Commercial,Premium,14872,2896,44,54569,229,23,3,0,0,0,0,0,0
149,29/7/2017,25/2/2019,Tisha Goulborne,1185248734,tgoulborne44@example.com,Ntags,Hybrid,Excelium,31600,2348,24,7163,48,60,1,0,0,0,0,0,0
150,19/12/2018,28/4/2018,Cooper Hovell,5945634430,chovell45@shop-pro.jp,Gigazoom,Hybrid,Excelium,40636,757,46,2250,107,98,4,0,0,0,0,0,0
151,16/11/2018,27/6/2018,Halsy Ashfield,9168008314,hashfield46@amazon.co.jp,Topiclounge,Corporate,Premium,43172,2569,20,11825,54,66,4,0,0,0,0,0,0
152,19/11/2017,23/5/2018,Anton Gildroy,9377435399,agildroy47@jalbum.net,Yacero,Residential,Excelium,15249,4496,44,4316,46,32,3,0,0,0,0,0,0
153,2/4/2017,3/5/2018,Cati Ryce,3369936424,cryce48@bloglovin.com,Dynabox,Commercial,Premium,6288,3773,32,27561,165,66,4,0,0,0,0,0,0
154,26/10/2016,6/4/2018,Zondra Corry,7494176547,zcorry49@upenn.edu,Skiptube,Residential,Premium,38261,1693,42,43466,257,4,3,0,0,0,0,0,0
155,11/9/2017,20/4/2018,Victoir Cleaves,7339520750,vcleaves4a@geocities.jp,Pixonyx,Hybrid,Excelium,13564,3224,25,2549,408,88,2,0,0,0,0,0,0
156,15/3/2016,7/1/2019,Vikki Beausang,3262052785,vbeausang4b@ifeng.com,Lazzy,Hybrid,Standard,29572,2381,35,49908,210,59,4,0,0,0,0,0,0
157,25/1/2017,5/11/2018,Tamarah Rubinowitsch,9003433563,trubinowitsch4c@prnewswire.com,Skimia,Hybrid,Standard,5054,4082,3,25965,4,83,4,0,0,0,0,0,0
158,5/12/2018,8/11/2018,Elnora Cutbush,9733969486,ecutbush4d@ebay.co.uk,Zoombox,Hybrid,Premium,38846,1922,35,46775,110,5,4,0,0,0,0,0,0
159,18/5/2017,10/5/2018,Burg Cattemull,5311834605,bcattemull4e@si.edu,Brainverse,Commercial,Excelium,5479,1103,50,40794,222,34,5,0,0,0,0,0,0
160,11/6/2016,31/8/2018,Justinn Hammel,1002636925,jhammel4f@tumblr.com,Quimba,Corporate,Premium,1990,2856,19,4454,202,86,2,0,0,0,0,0,0
161,23/10/2017,25/2/2019,Claudette Attenbarrow,4875103769,cattenbarrow4g@miitbeian.gov.cn,Aibox,Hybrid,Premium,34185,1613,25,11605,350,88,5,0,0,0,0,0,0
162,16/8/2017,29/3/2018,Doretta Glanz,3507211678,dglanz4h@friendfeed.com,Youbridge,Commercial,Premium,37355,1553,40,54309,225,49,0,0,0,0,0,0,0
163,30/3/2016,27/7/2018,Elwyn Peterkin,9858417499,epeterkin4i@ftc.gov,Einti,Hybrid,Premium,3323,780,44,9144,97,52,1,0,0,0,0,0,0
164,19/2/2018,31/5/2018,Melloney Jackalin,2872676013,mjackalin4j@xing.com,Cogibox,Corporate,Standard,9447,4051,36,36024,39,20,3,0,0,0,0,0,0
165,20/12/2016,10/4/2018,Paolina Florence,2192746955,pflorence4k@ft.com,Gigazoom,Corporate,Excelium,38940,984,33,50559,443,77,1,0,0,0,0,0,0
166,1/11/2017,18/2/2019,Noby Ditch,7719405560,nditch4l@topsy.com,Skaboo,Commercial,Premium,14949,1411,25,47438,206,49,4,0,0,0,0,0,0
167,14/3/2017,17/10/2018,Felicdad Thomann,7062040717,fthomann4m@nps.gov,Wikivu,Corporate,Standard,35630,2330,15,42268,246,66,5,0,0,0,0,0,0
168,3/7/2016,31/1/2019,Verina Lagne,6152972091,vlagne4n@loc.gov,Feednation,Residential,Excelium,46462,3063,32,9015,54,5,5,0,0,0,0,0,0
169,24/7/2017,15/6/2018,Wye Cuffley,6443390951,wcuffley4o@yahoo.com,Fivechat,Hybrid,Excelium,45633,3247,28,10113,397,87,1,0,0,0,0,0,0
170,2/4/2017,14/11/2018,Dolf Brownbridge,4927468665,dbrownbridge4p@dropbox.com,Babbleset,Hybrid,Excelium,5149,3799,34,13536,291,63,3,0,0,0,0,0,0
171,3/9/2018,6/9/2018,Querida Hilldrop,4829879555,qhilldrop4q@virginia.edu,Camimbo,Hybrid,Premium,31518,4788,22,16391,263,73,0,0,0,0,0,0,0
172,23/4/2018,9/6/2018,Petronille OSheilds,9124880358,posheilds4r@who.int,Wikido,Residential,Premium,41027,4713,41,25292,9,39,4,0,0,0,0,0,0
173,7/11/2016,10/9/2018,Betsy Sarvar,4529984046,bsarvar4s@msu.edu,Tazz,Commercial,Premium,33893,3395,19,33120,361,85,1,0,0,0,0,0,0
174,9/12/2016,8/9/2018,Sophie Huntington,6516229817,shuntington4t@illinois.edu,Rhyzio,Hybrid,Excelium,49578,3825,15,30734,63,57,2,0,0,0,0,0,0
175,3/10/2018,20/4/2018,Dionysus Brame,6779663984,dbrame4u@wordpress.com,Brainverse,Commercial,Excelium,14512,2575,28,36623,184,9,2,0,0,0,0,0,0
176,7/1/2019,25/1/2019,Anson Burgoyne,8315467511,aburgoyne4v@rambler.ru,Yodel,Residential,Excelium,38696,2815,49,7999,399,50,0,0,0,0,0,0,0
177,17/2/2018,5/9/2018,Ham Northidge,1713019078,hnorthidge4w@vk.com,Meembee,Commercial,Premium,30834,3893,9,29882,252,65,4,0,0,0,0,0,0
178,21/4/2018,15/9/2018,Oona Malby,7357959249,omalby4x@blogtalkradio.com,Skilith,Commercial,Premium,1845,3850,50,37636,79,83,4,0,0,0,0,0,0
179,22/3/2018,5/7/2018,Shelton Norrey,6705434569,snorrey4y@google.com,Jabberbean,Residential,Standard,41249,3682,26,36818,204,17,5,0,0,0,0,0,0
180,23/11/2017,14/6/2018,Cherice Blackhall,1132093713,cblackhall4z@eepurl.com,Photobug,Residential,Excelium,38000,3403,49,42358,379,79,2,0,0,0,0,0,0
181,24/3/2016,26/4/2018,Tiffie Lewington,4964255197,tlewington50@facebook.com,Camido,Commercial,Premium,5384,2246,41,41799,480,32,3,0,0,0,0,0,0
182,24/9/2017,19/3/2018,Mira Carlill,4004450852,mcarlill51@cargocollective.com,Meemm,Hybrid,Excelium,16656,2906,9,5374,255,88,1,0,0,0,0,0,0
183,4/4/2016,7/2/2019,Pebrook Balharry,7759794241,pbalharry52@toplist.cz,Youopia,Commercial,Standard,40706,4908,8,27723,459,79,2,0,0,0,0,0,0
184,25/6/2016,6/12/2018,Marigold Gounod,1704994693,mgounod53@bizjournals.com,Zoomzone,Hybrid,Standard,38614,610,40,17421,447,49,3,0,0,0,0,0,0
185,5/10/2016,16/9/2018,Archie Matushenko,1054558894,amatushenko54@stumbleupon.com,Jatri,Residential,Standard,25373,3439,17,29549,196,11,4,0,0,0,0,0,0
186,18/1/2017,20/7/2018,Carl Niccolls,4684988130,cniccolls55@arstechnica.com,Flashpoint,Hybrid,Standard,12095,1369,41,26369,411,33,4,0,0,0,0,0,0
187,19/3/2018,27/11/2018,Madelyn Conry,3902470578,mconry56@123-reg.co.uk,Vinder,Commercial,Standard,4453,2692,35,2435,317,84,5,0,0,0,0,0,0
188,20/2/2019,7/12/2018,Caresse Brewitt,5025936861,cbrewitt57@phoca.cz,Vipe,Commercial,Standard,30290,3489,1,16704,205,50,1,0,0,0,0,0,0
189,12/8/2017,13/7/2018,Demetrius de Chastelain,2143720435,dde58@earthlink.net,Wikido,Commercial,Standard,13003,4364,41,13142,248,42,3,0,0,0,0,0,0
190,3/2/2018,9/10/2018,Starla Howieson,8021473598,showieson59@domainmarket.com,Jabbersphere,Hybrid,Standard,45949,1898,41,42007,177,48,3,0,0,0,0,0,0
191,30/3/2016,2/4/2018,Hagan Pennycuick,3615110943,hpennycuick5a@psu.edu,Pixope,Hybrid,Excelium,35468,4326,35,20611,329,18,3,0,0,0,0,0,0
192,15/6/2017,30/12/2018,Dona Dorset,5642439740,ddorset5b@aol.com,Zooveo,Corporate,Standard,14424,4985,41,21482,264,32,1,0,0,0,0,0,0
193,3/12/2018,26/6/2018,Doy Sweetman,7065833017,dsweetman5c@networkadvertising.org,Jayo,Hybrid,Standard,27371,2017,17,40370,272,23,4,0,0,0,0,0,0
194,13/10/2016,5/8/2018,Glen Dunsire,5938078923,gdunsire5d@nsw.gov.au,Miboo,Corporate,Standard,21020,997,19,32297,103,41,2,0,0,0,0,0,0
195,23/3/2017,11/8/2018,Lavina Huston,3968484270,lhuston5e@ted.com,Trunyx,Residential,Excelium,28228,3461,33,12765,311,88,3,0,0,0,0,0,0
196,16/9/2016,10/9/2018,Scot Youster,6723585242,syouster5f@sfgate.com,Thoughtbeat,Corporate,Standard,15928,789,20,7777,194,86,3,0,0,0,0,0,0
197,10/6/2016,18/4/2018,Egon Baudi,1143195006,ebaudi5g@ehow.com,Brainverse,Residential,Premium,37410,3053,18,9341,410,67,2,0,0,0,0,0,0
198,25/12/2016,23/6/2018,Marrilee Daveridge,3728165571,mdaveridge5h@networkadvertising.org,Abatz,Hybrid,Excelium,9716,2495,26,48418,213,21,1,0,0,0,0,0,0
199,27/9/2017,23/4/2018,Corbin MacGuigan,9353693648,cmacguigan5i@sogou.com,Topicware,Commercial,Excelium,25418,1623,37,51367,116,58,3,0,0,0,0,0,0
200,16/10/2018,12/7/2018,Ashlee Scriven,3232100736,ascriven5j@sogou.com,Browsebug,Corporate,Premium,22423,3834,23,42223,272,22,0,0,0,0,0,0,0
201,17/1/2018,25/5/2018,Aubrey Dellar,9778628699,adellar5k@bbc.co.uk,Eire,Residential,Standard,14052,2348,16,19391,97,49,1,0,0,0,0,0,0
202,6/7/2016,2/2/2019,Kenneth Portchmouth,4348566096,kportchmouth5l@marriott.com,Realpoint,Residential,Premium,3230,3035,37,10471,2,98,1,0,0,0,0,0,0
203,16/5/2017,7/4/2018,Allsun Ducket,3939781338,aducket5m@google.com,Mynte,Hybrid,Premium,41555,1808,40,43955,400,29,2,0,0,0,0,0,0
204,19/1/2018,28/10/2018,Drud Waring,2553869629,dwaring5n@samsung.com,Oyonder,Hybrid,Excelium,30575,4502,23,40032,179,97,4,0,0,0,0,0,0
205,30/3/2018,5/9/2018,Del Riccelli,8708752358,driccelli5o@goo.gl,Zoonoodle,Commercial,Premium,42775,523,13,39052,245,73,2,0,0,0,0,0,0
206,9/6/2016,11/1/2019,Quintana Ors,2825610308,qors5p@geocities.jp,Kamba,Commercial,Premium,13983,680,3,6797,9,15,0,0,0,0,0,0,0
207,28/10/2017,11/8/2018,Forrester Klaffs,4234661806,fklaffs5q@hubpages.com,Jabbersphere,Corporate,Premium,13361,2735,6,12295,212,8,3,0,0,0,0,0,0
208,25/2/2018,1/6/2018,Evonne Fairall,1954757020,efairall5r@java.com,Thoughtstorm,Corporate,Excelium,42846,2592,12,5491,383,62,0,0,0,0,0,0,0
209,28/6/2018,18/1/2019,Larry Giamo,9399939688,lgiamo5s@smh.com.au,Kwilith,Corporate,Premium,41959,2784,28,45106,236,20,5,0,0,0,0,0,0
210,3/1/2019,20/6/2018,Kurtis Carlesi,9079431285,kcarlesi5t@quantcast.com,Skynoodle,Hybrid,Standard,33330,3411,38,51543,462,56,0,0,0,0,0,0,0
211,9/7/2017,15/6/2018,Reilly Presser,2602756916,rpresser5u@google.co.uk,Devcast,Hybrid,Premium,3036,2034,2,1863,105,6,3,0,0,0,0,0,0
212,11/11/2017,26/10/2018,Andrea Meriel,7345520646,ameriel5v@spotify.com,Voolia,Commercial,Premium,39475,4138,1,2804,115,43,1,0,0,0,0,0,0
213,19/2/2017,21/4/2018,Nickolai Harbach,5428399557,nharbach5w@blogs.com,Meeveo,Hybrid,Excelium,18301,4843,22,39298,122,36,1,0,0,0,0,0,0
214,4/12/2017,28/11/2018,Margette de la Tremoille,5024892112,mde5x@springer.com,Skimia,Commercial,Excelium,31183,4316,27,9192,390,15,3,0,0,0,0,0,0
215,18/6/2017,4/10/2018,Natale Ranahan,4906860107,nranahan5y@angelfire.com,Youspan,Residential,Standard,31175,3831,36,20089,57,61,3,0,0,0,0,0,0
216,4/1/2019,18/9/2018,Rodie Haburne,2347413731,rhaburne5z@nbcnews.com,Teklist,Residential,Excelium,9531,4410,7,28767,492,100,2,0,0,0,0,0,0
217,11/5/2018,8/3/2019,Mikol OHare,9605702256,mohare60@studiopress.com,Photobean,Hybrid,Premium,23720,2340,45,51889,377,16,5,0,0,0,0,0,0
218,19/2/2019,17/12/2018,Kellen Hastilow,1603364086,khastilow61@mlb.com,Dablist,Corporate,Excelium,32369,4680,14,17928,83,17,3,0,0,0,0,0,0
219,1/2/2018,15/7/2018,Sly Vibert,3938495851,svibert62@people.com.cn,Yakidoo,Residential,Premium,31867,1853,1,20625,231,10,4,0,0,0,0,0,0
220,28/7/2017,23/11/2018,Marten Gaber,8485279059,mgaber63@creativecommons.org,Avamm,Commercial,Excelium,28608,2324,31,17230,165,72,1,0,0,0,0,0,0
221,6/6/2016,25/4/2018,Berne Blackden,8253863139,bblackden64@naver.com,Buzzbean,Hybrid,Standard,13796,700,27,52833,36,90,0,0,0,0,0,0,0
222,4/5/2016,14/3/2018,Timmy Andrzejewski,8284572538,tandrzejewski65@youtu.be,Thoughtbridge,Commercial,Premium,41281,532,41,50589,327,25,5,0,0,0,0,0,0
223,31/8/2016,19/11/2018,Alberta Tarbett,4492523018,atarbett66@sfgate.com,Oba,Commercial,Excelium,6430,2574,14,33585,138,10,5,0,0,0,0,0,0
224,15/5/2017,15/8/2018,Isidor Filisov,9942348819,ifilisov67@live.com,Feedfish,Residential,Excelium,44243,2000,43,33290,500,72,1,0,0,0,0,0,0
225,5/12/2016,11/9/2018,Schuyler Schenkel,2372196488,sschenkel68@tamu.edu,Dabfeed,Commercial,Standard,20136,3748,2,44244,149,59,3,0,0,0,0,0,0
226,6/11/2017,17/5/2018,Avivah Gibbard,1238664302,agibbard69@chronoengine.com,Yakijo,Corporate,Standard,12690,2524,22,20242,106,99,1,0,0,0,0,0,0
227,28/6/2017,16/2/2019,Deeanne Blackader,7575758832,dblackader6a@altervista.org,Fadeo,Residential,Excelium,30035,4160,32,24943,395,94,3,0,0,0,0,0,0
228,17/2/2017,12/7/2018,Inigo Montague,6128243499,imontague6b@salon.com,Miboo,Commercial,Premium,29896,2146,35,6155,243,81,1,0,0,0,0,0,0
229,27/9/2018,25/11/2018,Gianni Boichat,9733071549,gboichat6c@whitehouse.gov,Quamba,Commercial,Excelium,2718,2021,35,49265,226,82,5,0,0,0,0,0,0
230,11/6/2018,18/2/2019,Amalee Parchment,5736632699,aparchment6d@flavors.me,Browsetype,Corporate,Excelium,2912,2504,18,27371,172,40,2,0,0,0,0,0,0
231,11/6/2017,25/1/2019,De witt Varvell,2342920705,dwitt6e@archive.org,Plajo,Hybrid,Excelium,40104,2117,4,11664,360,66,1,0,0,0,0,0,0
232,12/3/2018,15/8/2018,Joeann Torrecilla,2225159353,jtorrecilla6f@t.co,Divape,Hybrid,Standard,6417,1135,45,39314,491,87,5,0,0,0,0,0,0
233,30/4/2018,16/7/2018,Nataniel Lucius,3173417422,nlucius6g@themeforest.net,Kanoodle,Commercial,Premium,41860,4997,30,14323,93,99,1,0,0,0,0,0,0
234,28/7/2017,13/10/2018,Oralee Garrie,9782757313,ogarrie6h@home.pl,Blogpad,Hybrid,Excelium,24604,958,18,8822,230,20,0,0,0,0,0,0,0
235,2/2/2017,10/5/2018,Jodi Giffaut,2096120760,jgiffaut6i@multiply.com,Gabcube,Residential,Excelium,30580,4787,8,16259,379,70,3,0,0,0,0,0,0
236,29/8/2017,4/10/2018,Devy Kobera,2766601437,dkobera6j@blog.com,Devbug,Residential,Standard,27410,3432,34,17362,295,71,3,0,0,0,0,0,0
237,26/11/2018,17/3/2018,Hannah Mantha,3255637837,hmantha6k@csmonitor.com,Thoughtworks,Hybrid,Standard,20917,3764,38,16604,130,79,2,0,0,0,0,0,0
238,6/12/2016,11/7/2018,Evyn Branson,5137797572,ebranson6l@comcast.net,Topicware,Hybrid,Standard,38263,1423,38,43015,391,76,1,0,0,0,0,0,0
239,11/9/2016,12/9/2018,Piggy Bywater,9098982466,pbywater6m@unicef.org,Kamba,Corporate,Excelium,25328,4499,30,43831,454,31,2,0,0,0,0,0,0
240,16/5/2016,18/2/2019,Raffaello Eshelby,7823717287,reshelby6n@harvard.edu,Jabbercube,Corporate,Standard,11859,1072,8,20920,243,96,5,0,0,0,0,0,0
241,7/3/2018,11/4/2018,Giffard Seebright,3592018736,gseebright6o@dedecms.com,Meevee,Commercial,Premium,39673,3694,13,53466,422,96,4,0,0,0,0,0,0
242,27/7/2017,9/12/2018,Reggy Matveichev,1862019523,rmatveichev6p@photobucket.com,Devpulse,Residential,Excelium,4632,998,30,31638,396,5,1,0,0,0,0,0,0
243,25/4/2017,8/5/2018,Filippo Durgan,5031445593,fdurgan6q@nifty.com,Yata,Commercial,Standard,29707,1051,45,23110,290,71,4,0,0,0,0,0,0
244,8/11/2017,27/3/2018,Brew MacInherney,5199613013,bmacinherney6r@tumblr.com,Skippad,Residential,Excelium,31426,3566,38,20041,91,59,4,0,0,0,0,0,0
245,20/12/2016,28/12/2018,Dallon Rubinfeld,3395164032,drubinfeld6s@jiathis.com,Buzzster,Residential,Premium,44200,2466,44,15123,242,76,4,0,0,0,0,0,0
246,5/2/2018,19/11/2018,Genia Staite,9947878250,gstaite6t@gnu.org,Voonix,Residential,Premium,29632,2959,40,7622,390,16,5,0,0,0,0,0,0
247,14/6/2018,15/10/2018,Adelaida Randals,2774671800,arandals6u@microsoft.com,Browsecat,Commercial,Premium,2765,4837,32,3316,303,24,0,0,0,0,0,0,0
248,28/11/2016,28/2/2019,Nani Richt,9593730870,nricht6v@independent.co.uk,Miboo,Corporate,Standard,14836,1522,18,2835,435,98,4,0,0,0,0,0,0
249,18/11/2017,5/5/2018,Elianore Ettles,4347034975,eettles6w@narod.ru,Twiyo,Corporate,Excelium,32223,1282,41,20642,175,41,2,0,0,0,0,0,0
250,19/6/2017,16/3/2018,Delora Woodley,1037178120,dwoodley6x@bandcamp.com,Blognation,Commercial,Premium,5477,3232,35,12152,233,17,0,0,0,0,0,0,0
251,2/10/2016,28/4/2018,Gerianne Camerello,4652644669,gcamerello6y@scribd.com,Skyble,Commercial,Excelium,38727,1566,8,43021,394,83,1,0,0,0,0,0,0
252,16/11/2017,21/6/2018,Clayson Windybank,9952485555,cwindybank6z@buzzfeed.com,Bluezoom,Residential,Standard,12529,2181,4,5422,290,45,4,0,0,0,0,0,0
253,19/1/2017,7/5/2018,Leeland Storer,6949729397,lstorer70@cafepress.com,Zoomzone,Commercial,Excelium,46841,4704,25,15579,20,34,3,0,0,0,0,0,0
254,27/10/2017,28/4/2018,Myca Rendall,5676065188,mrendall71@bloglines.com,Roomm,Commercial,Excelium,4510,1947,4,15279,456,57,3,0,0,0,0,0,0
255,21/5/2017,26/1/2019,Rey Minger,5125199072,rminger72@nature.com,Yakijo,Residential,Premium,10838,3385,14,48489,286,72,1,0,0,0,0,0,0
256,4/3/2018,7/9/2018,Abbe Dalgetty,1708100776,adalgetty73@earthlink.net,Vidoo,Hybrid,Excelium,47441,3623,7,39446,18,66,1,0,0,0,0,0,0
257,3/10/2018,18/3/2018,Somerset Olliff,6645797444,solliff74@360.cn,Flashspan,Residential,Excelium,1807,1815,15,49294,13,53,4,0,0,0,0,0,0
258,2/2/2018,22/10/2018,Amberly Cosslett,7894577394,acosslett75@aboutads.info,Livetube,Hybrid,Standard,38009,1251,14,12760,45,70,2,0,0,0,0,0,0
259,30/7/2017,24/3/2018,Sibilla Lohmeyer,5058798089,slohmeyer76@imgur.com,Youspan,Hybrid,Excelium,3071,2649,10,41627,26,9,3,0,0,0,0,0,0
260,7/6/2018,10/2/2019,Ines Bellard,7472322242,ibellard77@prweb.com,InnoZ,Corporate,Premium,8907,4664,9,54544,8,43,1,0,0,0,0,0,0
261,23/11/2017,8/1/2019,Pryce Budding,9249691067,pbudding78@youtu.be,Twitterbridge,Residential,Standard,39539,2122,21,18440,422,41,2,0,0,0,0,0,0
262,9/9/2016,16/4/2018,Jacobo Grannell,3764774281,jgrannell79@sakura.ne.jp,Demivee,Commercial,Excelium,40208,1745,42,21147,450,11,1,0,0,0,0,0,0
263,28/6/2018,12/10/2018,Jereme Hulmes,3962137219,jhulmes7a@ted.com,Trunyx,Corporate,Standard,42202,579,21,26743,169,74,0,0,0,0,0,0,0
264,19/12/2016,24/7/2018,Adan Wilsher,1821405624,awilsher7b@webmd.com,Wordpedia,Commercial,Standard,9295,1571,26,33131,408,23,5,0,0,0,0,0,0
265,21/8/2018,23/3/2018,Denni Gwillim,8463383466,dgwillim7c@sun.com,Mita,Commercial,Premium,19292,1467,23,20385,471,4,0,0,0,0,0,0,0
266,10/1/2018,21/5/2018,Grannie Gerasch,9556620196,ggerasch7d@vk.com,Voonte,Hybrid,Standard,20603,3920,43,45239,87,8,5,0,0,0,0,0,0
267,26/12/2017,3/4/2018,Corly Weathers,9043885710,cweathers7e@admin.ch,Quatz,Residential,Standard,36250,1337,14,18344,428,24,5,0,0,0,0,0,0
268,9/11/2016,16/7/2018,Midge Shambroke,7115695175,mshambroke7f@ft.com,Topiczoom,Hybrid,Premium,1851,865,15,4883,307,81,4,0,0,0,0,0,0
269,18/4/2017,18/10/2018,Arlina Syseland,6593702941,asyseland7g@admin.ch,Photolist,Hybrid,Standard,42640,2558,10,23435,124,47,2,0,0,0,0,0,0
270,17/5/2016,19/12/2018,Mischa Marsham,4303483395,mmarsham7h@ehow.com,Janyx,Commercial,Standard,32094,3206,21,15347,309,4,5,0,0,0,0,0,0
271,6/7/2016,7/6/2018,Lesley Berthelmot,8991715609,lberthelmot7i@tumblr.com,Bubblebox,Corporate,Standard,37632,587,19,31052,3,48,3,0,0,0,0,0,0
272,10/1/2017,24/2/2019,Franny Preddy,3679178430,fpreddy7j@is.gd,Topicware,Commercial,Standard,28636,3091,18,37881,416,25,3,0,0,0,0,0,0
273,28/8/2016,12/3/2019,Johna Oxbie,9553143282,joxbie7k@cnbc.com,Jabbertype,Commercial,Standard,14169,864,35,26355,35,41,5,0,0,0,0,0,0
274,16/11/2017,5/2/2019,Wenonah Garces,4431608520,wgarces7l@comsenz.com,Browsecat,Corporate,Premium,2425,4244,35,53728,156,13,0,0,0,0,0,0,0
275,15/2/2019,30/9/2018,Hilliard Burford,7561406516,hburford7m@usa.gov,Youfeed,Residential,Standard,28798,695,3,53525,180,78,2,0,0,0,0,0,0
276,5/12/2018,15/7/2018,Ketti Kalb,1035464865,kkalb7n@simplemachines.org,Kaymbo,Residential,Premium,18496,1639,4,50791,397,16,1,0,0,0,0,0,0
277,5/12/2018,12/7/2018,Lois Sawood,7682047914,lsawood7o@upenn.edu,Vimbo,Residential,Premium,47945,4594,15,12441,366,98,4,0,0,0,0,0,0
278,17/3/2016,28/2/2019,Maren Billingsly,4617086189,mbillingsly7p@ted.com,Kimia,Corporate,Standard,32228,4267,47,52031,229,8,3,0,0,0,0,0,0
279,29/9/2016,6/6/2018,Cesya Coolican,3632946206,ccoolican7q@google.de,Agivu,Hybrid,Premium,12729,3726,20,31972,248,94,1,0,0,0,0,0,0
280,25/10/2018,23/3/2018,Petunia Shade,6465707611,pshade7r@yolasite.com,Quatz,Corporate,Excelium,47285,1357,3,5434,416,4,4,0,0,0,0,0,0
281,9/3/2017,25/5/2018,Derek Safell,9993619912,dsafell7s@zimbio.com,Tavu,Residential,Excelium,29402,3999,39,6553,307,82,4,0,0,0,0,0,0
282,12/6/2018,30/11/2018,Debora Rawlison,4908546119,drawlison7t@about.me,Brainverse,Hybrid,Premium,15710,2832,6,4012,173,15,4,0,0,0,0,0,0
283,23/2/2017,7/1/2019,Neysa Rockey,7102507531,nrockey7u@goodreads.com,Divanoodle,Hybrid,Standard,46003,2479,1,12347,218,55,3,0,0,0,0,0,0
284,7/5/2018,12/10/2018,Marijn Loseby,6326178404,mloseby7v@netscape.com,Buzzdog,Commercial,Premium,3057,3143,31,18549,253,55,3,0,0,0,0,0,0
285,17/1/2019,13/2/2019,Lauree Huckster,9729729256,lhuckster7w@nature.com,Voomm,Hybrid,Premium,7642,4978,3,28264,439,6,2,0,0,0,0,0,0
286,4/7/2018,24/6/2018,Martyn Servante,7541517522,mservante7x@naver.com,Fivechat,Hybrid,Premium,32615,537,17,40262,478,15,5,0,0,0,0,0,0
287,8/11/2018,6/10/2018,Maureen Markwick,4663281973,mmarkwick7y@usnews.com,Roodel,Residential,Premium,28625,928,39,27663,373,43,5,0,0,0,0,0,0
288,12/2/2019,3/3/2019,Robbie Gatecliff,9969297673,rgatecliff7z@state.tx.us,Oloo,Residential,Excelium,19924,714,21,43551,412,49,0,0,0,0,0,0,0
289,28/10/2017,5/3/2019,Adham Thinn,3681005005,athinn80@domainmarket.com,Tazzy,Hybrid,Premium,11448,3422,2,38085,316,13,5,0,0,0,0,0,0
290,9/4/2018,16/7/2018,Min Elden,6631879802,melden81@surveymonkey.com,Yata,Hybrid,Premium,40155,2893,31,49828,279,88,4,0,0,0,0,0,0
291,20/5/2017,16/8/2018,Isa Stealey,5272422628,istealey82@mit.edu,Wikibox,Residential,Premium,19363,4374,17,13776,11,92,3,0,0,0,0,0,0
292,2/11/2016,28/12/2018,Giles Cavozzi,3496842359,gcavozzi83@fema.gov,Innojam,Corporate,Premium,24066,1251,13,37081,447,68,1,0,0,0,0,0,0
293,12/2/2018,10/12/2018,Con Holdron,3384149345,choldron84@indiegogo.com,Dabfeed,Hybrid,Premium,13947,1581,47,18245,397,77,2,0,0,0,0,0,0
294,10/12/2017,21/9/2018,Concettina McLachlan,2676621691,cmclachlan85@samsung.com,Wikizz,Commercial,Standard,11264,1748,49,41645,13,25,2,0,0,0,0,0,0
295,2/10/2018,4/10/2018,Cindy Broszkiewicz,7404557064,cbroszkiewicz86@hp.com,Quamba,Commercial,Premium,35244,2506,21,13464,399,52,1,0,0,0,0,0,0
296,28/10/2016,27/5/2018,Josefa Heilds,3473461650,jheilds87@pcworld.com,Quinu,Commercial,Standard,18194,4866,49,32178,110,43,3,0,0,0,0,0,0
297,21/4/2018,4/9/2018,Carissa Waghorne,6619939512,cwaghorne88@istockphoto.com,Meevee,Residential,Premium,3831,1682,14,30091,46,49,5,0,0,0,0,0,0
298,28/9/2018,3/3/2019,Ursulina Schoolfield,9358412797,uschoolfield89@skype.com,Agimba,Corporate,Standard,49722,3394,25,37335,473,48,4,0,0,0,0,0,0
299,15/5/2016,30/10/2018,Shirl Harpin,7312559841,sharpin8a@topsy.com,Skinder,Residential,Excelium,34227,2730,28,33286,195,99,1,0,0,0,0,0,0
300,31/7/2016,2/7/2018,Merry Ridesdale,1157288531,mridesdale8b@ocn.ne.jp,Browsedrive,Residential,Standard,33248,4083,4,40283,234,24,5,0,0,0,0,0,0
301,30/12/2016,9/5/2018,Loydie Goffe,4182536249,lgoffe8c@bigcartel.com,Aibox,Commercial,Premium,37879,3870,38,26072,369,45,1,0,0,0,0,0,0
302,5/3/2018,26/9/2018,Angus Marcam,2917020597,amarcam8d@clickbank.net,Eadel,Residential,Premium,1058,2856,19,18168,310,44,2,0,0,0,0,0,0
303,19/9/2018,19/3/2018,Suellen Carwithen,8431456020,scarwithen8e@nifty.com,Tavu,Hybrid,Standard,49395,1347,35,15150,161,61,2,0,0,0,0,0,0
304,21/4/2017,20/9/2018,Tades Guidone,2255261198,tguidone8f@mapy.cz,Fivebridge,Residential,Standard,26073,4111,43,9720,423,79,0,0,0,0,0,0,0
305,21/7/2017,21/5/2018,Tomi Nicolls,5442738166,tnicolls8g@cam.ac.uk,Tazz,Hybrid,Standard,13041,1287,7,20755,93,88,2,0,0,0,0,0,0
306,1/1/2018,27/1/2019,Merle Bastone,2537052854,mbastone8h@hao123.com,Ozu,Residential,Standard,42118,3731,39,32071,195,13,5,0,0,0,0,0,0
307,21/3/2017,27/10/2018,Rob Kaley,3857622432,rkaley8i@berkeley.edu,Youtags,Corporate,Standard,32941,4816,37,40200,141,100,2,0,0,0,0,0,0
308,27/9/2017,5/7/2018,Ange Rookes,4016186256,arookes8j@nymag.com,Eire,Commercial,Premium,45648,2000,31,34081,156,30,2,0,0,0,0,0,0
309,25/5/2016,1/7/2018,Augusto Upstone,1222313880,aupstone8k@walmart.com,Youtags,Hybrid,Excelium,47918,4921,22,37193,403,96,3,0,0,0,0,0,0
310,21/3/2016,11/7/2018,Dane Redholls,6441976853,dredholls8l@ft.com,Tagfeed,Hybrid,Premium,30682,1772,39,6272,127,44,4,0,0,0,0,0,0
311,24/4/2016,19/4/2018,Queenie Eastup,8368423381,qeastup8m@bloglovin.com,Zooxo,Commercial,Premium,25584,2513,12,5882,463,12,0,0,0,0,0,0,0
312,15/5/2017,22/3/2018,Stoddard Chuck,2827150099,schuck8n@xing.com,Minyx,Corporate,Premium,13149,3676,34,52132,23,63,4,0,0,0,0,0,0
313,30/12/2016,19/9/2018,Toddy Llorente,9801687381,tllorente8o@slate.com,Blogtags,Residential,Excelium,11351,4903,8,12565,423,60,0,0,0,0,0,0,0
314,8/8/2016,5/4/2018,Ephraim Canniffe,4611716420,ecanniffe8p@mayoclinic.com,Aimbo,Corporate,Premium,39221,3738,15,24615,488,55,3,0,0,0,0,0,0
315,31/12/2018,9/11/2018,Leila Slaten,3376966222,lslaten8q@marriott.com,Realcube,Hybrid,Premium,12984,3057,50,9939,78,18,4,0,0,0,0,0,0
316,22/10/2017,29/1/2019,Frank Barwick,2311117343,fbarwick8r@foxnews.com,Oodoo,Hybrid,Standard,31442,3067,36,48179,215,63,3,0,0,0,0,0,0
317,19/11/2016,21/1/2019,Sofia Hambers,1329831561,shambers8s@washingtonpost.com,Flipstorm,Hybrid,Excelium,9539,3498,15,36109,6,91,0,0,0,0,0,0,0
318,26/6/2016,26/6/2018,Zorana Orrah,4869727554,zorrah8t@cam.ac.uk,Leenti,Corporate,Standard,43374,3017,47,31510,470,15,0,0,0,0,0,0,0
319,14/8/2018,14/3/2018,Brantley Lochet,9992610602,blochet8u@guardian.co.uk,Edgepulse,Commercial,Premium,9959,1596,24,45898,7,28,5,0,0,0,0,0,0
320,21/5/2018,18/4/2018,Michaeline Polet,2478748722,mpolet8v@dagondesign.com,Eadel,Commercial,Excelium,32898,3443,11,23215,244,42,1,0,0,0,0,0,0
321,29/11/2018,29/11/2018,Michaella Bockman,9365652920,mbockman8w@diigo.com,Abatz,Commercial,Standard,38577,4780,39,22035,420,37,0,0,0,0,0,0,0
322,25/6/2018,25/6/2018,Camilla Coleson,5033656086,ccoleson8x@wsj.com,Skivee,Corporate,Standard,20210,1193,28,51929,248,96,0,0,0,0,0,0,0
323,2/8/2016,3/7/2018,Eartha Lancetter,3521517466,elancetter8y@csmonitor.com,Twinder,Residential,Premium,2154,914,14,49184,14,12,5,0,0,0,0,0,0
324,2/10/2017,26/6/2018,Kimberli Jeannard,4379519494,kjeannard8z@nba.com,Talane,Corporate,Excelium,38461,3320,50,26150,474,9,4,0,0,0,0,0,0
325,10/2/2017,23/8/2018,Maddy Dawidowsky,7539743592,mdawidowsky90@yellowbook.com,Livefish,Residential,Excelium,40990,1833,31,6377,75,88,0,0,0,0,0,0,0
326,22/7/2018,12/2/2019,Brien Sargison,8386733000,bsargison91@mac.com,Flashpoint,Hybrid,Standard,38170,2410,44,41075,465,35,4,0,0,0,0,0,0
327,11/3/2017,26/8/2018,Clement Skellion,4636080334,cskellion92@bravesites.com,Linkbridge,Hybrid,Premium,8260,3403,41,26183,155,17,2,0,0,0,0,0,0
328,18/9/2016,23/11/2018,Ketti Junkinson,1672428195,kjunkinson93@wix.com,Realmix,Corporate,Excelium,23077,4948,25,52637,479,39,5,0,0,0,0,0,0
329,4/10/2016,24/3/2018,Sadye Larter,8915760825,slarter94@home.pl,Jetwire,Hybrid,Standard,4721,1804,41,19161,458,4,1,0,0,0,0,0,0
330,20/6/2018,14/11/2018,Clari Shory,5689194777,cshory95@phoca.cz,Blogtag,Commercial,Standard,37173,2212,25,43609,443,38,5,0,0,0,0,0,0
331,27/1/2018,23/12/2018,Mira Girton,8394423530,mgirton96@discuz.net,Youtags,Corporate,Premium,38148,1002,11,39804,130,19,0,0,0,0,0,0,0
332,14/12/2016,2/12/2018,Evy Porkiss,1652929657,eporkiss97@geocities.jp,Trilith,Corporate,Excelium,4580,4103,45,26072,178,70,4,0,0,0,0,0,0
333,19/4/2018,18/3/2018,Nita Tzuker,4192862654,ntzuker98@theguardian.com,Ailane,Residential,Excelium,19733,3590,10,47105,456,65,0,0,0,0,0,0,0
334,23/2/2019,24/1/2019,Hestia Lias,1626377476,hlias99@java.com,Mudo,Corporate,Standard,24046,3656,48,38936,269,21,4,0,0,0,0,0,0
335,8/12/2017,30/1/2019,Maxie Waycott,6656845609,mwaycott9a@tinypic.com,Tagfeed,Commercial,Excelium,18774,918,14,9648,168,78,0,0,0,0,0,0,0
336,16/11/2016,28/6/2018,Catharina Tedstone,8673598135,ctedstone9b@nymag.com,Buzzbean,Corporate,Premium,7754,4052,36,21969,44,27,2,0,0,0,0,0,0
337,20/8/2016,15/9/2018,Mill Loadwick,3121976615,mloadwick9c@google.ru,Demizz,Corporate,Premium,35513,3577,2,50345,393,100,3,0,0,0,0,0,0
338,1/1/2017,11/4/2018,Christal Lorrie,1437922051,clorrie9d@microsoft.com,Bubbletube,Corporate,Excelium,10250,976,15,46094,170,54,1,0,0,0,0,0,0
339,26/3/2017,2/9/2018,Dennie Sherrington,9376672210,dsherrington9e@cbc.ca,Voolia,Corporate,Excelium,44946,4905,18,37560,467,39,5,0,0,0,0,0,0
340,16/11/2018,23/1/2019,Rodrique Bartaloni,1265718236,rbartaloni9f@discuz.net,Flipopia,Commercial,Standard,45821,869,4,23120,21,37,2,0,0,0,0,0,0
341,3/5/2016,8/8/2018,Ileane Hurt,4801383630,ihurt9g@ucsd.edu,Agivu,Corporate,Excelium,26525,582,14,49796,11,25,5,0,0,0,0,0,0
342,22/8/2018,28/10/2018,Jacquelin Beefon,2992730011,jbeefon9h@blogtalkradio.com,Kwideo,Residential,Excelium,18996,1982,5,9081,313,28,1,0,0,0,0,0,0
343,20/5/2017,28/7/2018,Odille Dannohl,2051577469,odannohl9i@seattletimes.com,Linkbridge,Commercial,Excelium,28370,3991,24,15732,332,78,2,0,0,0,0,0,0
344,27/5/2018,22/7/2018,Alverta Hinkley,2084981139,ahinkley9j@boston.com,Vimbo,Hybrid,Standard,2301,1594,36,4950,136,16,3,0,0,0,0,0,0
345,25/11/2017,17/3/2018,Richardo Camilleri,5286213275,rcamilleri9k@cmu.edu,Katz,Corporate,Standard,41564,2486,44,18275,392,5,5,0,0,0,0,0,0
346,4/11/2017,5/1/2019,Prudence Werrit,1025930994,pwerrit9l@hexun.com,Zoomcast,Residential,Standard,42148,4353,47,44965,206,53,1,0,0,0,0,0,0
347,15/7/2016,10/12/2018,Calvin Ramel,7042440248,cramel9m@nih.gov,Feedspan,Hybrid,Standard,23003,3995,38,2153,472,91,5,0,0,0,0,0,0
348,30/1/2019,6/10/2018,Alexandr Easeman,6886095889,aeaseman9n@yellowpages.com,Photojam,Corporate,Excelium,35082,4569,46,20403,391,59,2,0,0,0,0,0,0
349,21/5/2016,25/11/2018,Alena Loughton,4032387883,aloughton9o@t-online.de,Babbleopia,Hybrid,Excelium,2448,1794,40,8280,443,75,3,0,0,0,0,0,0
350,27/11/2016,17/12/2018,Boris Tinghill,8916075910,btinghill9p@thetimes.co.uk,Meejo,Commercial,Standard,34798,1168,2,27209,183,94,1,0,0,0,0,0,0
351,18/4/2017,10/7/2018,Garold Mully,3791014651,gmully9q@who.int,Cogilith,Corporate,Premium,19869,3906,24,37771,194,22,4,0,0,0,0,0,0
352,22/5/2017,14/9/2018,Xavier Reppaport,6562723786,xreppaport9r@google.ru,Quinu,Residential,Standard,33212,2278,25,25098,279,56,0,0,0,0,0,0,0
353,13/5/2016,14/7/2018,Helen Ekins,1757729191,hekins9s@irs.gov,Skiptube,Residential,Premium,5508,3828,18,34616,261,36,4,0,0,0,0,0,0
354,25/7/2016,30/6/2018,Lacie Ambrogini,2421296018,lambrogini9t@twitter.com,Nlounge,Commercial,Standard,39073,3080,47,16095,23,74,5,0,0,0,0,0,0
355,21/2/2019,16/11/2018,Aldrich Ventham,1259763797,aventham9u@dot.gov,Babbleset,Hybrid,Premium,41845,1282,32,10108,132,50,0,0,0,0,0,0,0
356,27/5/2018,11/1/2019,Currey Luebbert,1134476237,cluebbert9v@google.cn,Fivechat,Corporate,Standard,19914,1795,2,7519,328,17,2,0,0,0,0,0,0
357,5/1/2019,31/7/2018,Lindy Nisius,4209441169,lnisius9w@google.pl,Vitz,Corporate,Standard,29481,2622,17,24596,483,93,0,0,0,0,0,0,0
358,22/11/2017,29/8/2018,Felice Costen,1464064544,fcosten9x@baidu.com,Oba,Hybrid,Standard,37150,4188,19,38588,413,9,5,0,0,0,0,0,0
359,28/4/2016,14/8/2018,Gayle Boot,9404964390,gboot9y@wikia.com,Abatz,Corporate,Standard,41526,731,33,33773,222,90,2,0,0,0,0,0,0
360,26/6/2016,9/8/2018,Kort Whitby,9603605017,kwhitby9z@netscape.com,Flashspan,Corporate,Premium,9571,2100,1,39245,402,9,3,0,0,0,0,0,0
361,8/3/2019,16/6/2018,Hanna Harburtson,7804019181,hharburtsona0@utexas.edu,Rooxo,Hybrid,Excelium,42723,1778,35,41571,21,86,4,0,0,0,0,0,0
362,28/12/2016,24/5/2018,Zondra Spoole,5625843284,zspoolea1@paypal.com,Plambee,Hybrid,Premium,42713,2946,25,3900,103,72,0,0,0,0,0,0,0
363,18/11/2018,17/6/2018,Mariana Wyatt,1696826138,mwyatta2@ox.ac.uk,Gevee,Residential,Excelium,7921,1689,11,54161,311,56,5,0,0,0,0,0,0
364,23/8/2018,9/7/2018,Claiborne McHenry,9142282148,cmchenrya3@symantec.com,Dabjam,Hybrid,Standard,12847,507,36,4604,227,60,0,0,0,0,0,0,0
365,19/11/2018,12/2/2019,Waldon Stanluck,1424156137,wstanlucka4@chronoengine.com,Skipfire,Residential,Premium,48303,3749,48,5952,407,48,4,0,0,0,0,0,0
366,19/6/2016,27/10/2018,Farrah Bartoshevich,1083689223,fbartoshevicha5@bizjournals.com,Riffpath,Commercial,Premium,43622,3251,45,44426,61,71,1,0,0,0,0,0,0
367,5/6/2017,4/3/2019,Vernice Swendell,5765199572,vswendella6@sina.com.cn,Topdrive,Corporate,Excelium,10867,2970,3,46278,8,16,4,0,0,0,0,0,0
368,27/11/2016,12/1/2019,Maryanne Choke,9194926447,mchokea7@disqus.com,Thoughtstorm,Residential,Standard,46736,2780,32,44202,418,60,3,0,0,0,0,0,0
369,29/4/2017,20/1/2019,Bernadina Wooles,6825343206,bwoolesa8@live.com,Trudoo,Commercial,Excelium,7867,1649,32,41344,250,85,5,0,0,0,0,0,0
370,28/1/2018,22/3/2018,Ches Hatz,6928158628,chatza9@virginia.edu,Vinte,Hybrid,Excelium,8226,1124,17,19297,384,71,0,0,0,0,0,0,0
371,2/11/2017,26/3/2018,Abeu Mobley,5429483412,amobleyaa@printfriendly.com,Skiptube,Hybrid,Excelium,8441,4931,38,38077,393,13,3,0,0,0,0,0,0
372,9/1/2017,2/2/2019,Delphine Reary,5575093431,drearyab@aboutads.info,Zava,Commercial,Premium,10557,3132,11,40424,256,16,3,0,0,0,0,0,0
373,13/1/2018,28/9/2018,Brietta Huws,1047661985,bhuwsac@intel.com,Skajo,Residential,Premium,10968,926,32,19625,220,11,1,0,0,0,0,0,0
374,5/11/2018,26/6/2018,Katherine Rockey,3637425722,krockeyad@biglobe.ne.jp,Eimbee,Residential,Premium,3573,1860,23,32617,472,9,3,0,0,0,0,0,0
375,11/8/2016,11/12/2018,Desirae Harriskine,7944150600,dharriskineae@cyberchimps.com,Twinte,Corporate,Premium,36296,3420,2,23338,359,32,5,0,0,0,0,0,0
376,7/8/2016,5/2/2019,Jaclyn Merrgan,9629122980,jmerrganaf@pen.io,Viva,Commercial,Standard,34669,4110,17,7476,419,74,1,0,0,0,0,0,0
377,10/3/2019,27/7/2018,Bertine Melby,6479823232,bmelbyag@nifty.com,Jaxnation,Hybrid,Standard,33107,3996,20,12444,214,63,5,0,0,0,0,0,0
378,20/5/2018,11/10/2018,Trista Iiannone,4872876698,tiiannoneah@imageshack.us,Skivee,Corporate,Excelium,43029,2039,19,26344,137,30,1,0,0,0,0,0,0
379,21/2/2019,10/5/2018,Christiano Loges,8209250629,clogesai@nhs.uk,Kimia,Corporate,Premium,49505,2358,24,33994,337,26,1,0,0,0,0,0,0
380,26/11/2016,27/7/2018,Sofia Kestell,2102657955,skestellaj@github.io,Jabbertype,Hybrid,Standard,21586,1171,12,14121,400,67,2,0,0,0,0,0,0
381,20/6/2016,23/6/2018,Hardy Nann,2556565494,hnannak@yale.edu,Wikivu,Hybrid,Premium,36508,1384,25,49467,217,32,4,0,0,0,0,0,0
382,1/3/2019,17/12/2018,Flynn Elders,2128635958,feldersal@wordpress.org,Fivechat,Corporate,Premium,18034,1669,47,2569,344,24,5,0,0,0,0,0,0
383,1/9/2016,4/12/2018,Carolee OCriane,2867091486,cocrianeam@elpais.com,Realcube,Corporate,Excelium,27317,3877,11,43703,345,11,3,0,0,0,0,0,0
384,28/12/2017,11/12/2018,Romona Legges,1178356322,rleggesan@youku.com,Jaloo,Commercial,Excelium,48273,1743,1,20557,106,15,4,0,0,0,0,0,0
385,5/1/2019,21/2/2019,Cole Jewis,8775226554,cjewisao@stumbleupon.com,Skidoo,Residential,Excelium,33029,1479,37,14994,297,39,0,0,0,0,0,0,0
386,21/3/2016,21/5/2018,Beret Playford,5235979221,bplayfordap@ucoz.ru,Yotz,Corporate,Premium,33653,3007,11,37479,49,87,3,0,0,0,0,0,0
387,22/10/2017,24/5/2018,Monique Stackbridge,5325869922,mstackbridgeaq@tinyurl.com,Ozu,Commercial,Excelium,3566,2832,43,35994,43,38,0,0,0,0,0,0,0
388,4/3/2019,7/2/2019,Callida Coward,4231247469,ccowardar@sitemeter.com,Aivee,Residential,Premium,35779,4260,1,16166,496,75,5,0,0,0,0,0,0
389,18/1/2017,23/5/2018,Jillane Brusin,1676023623,jbrusinas@usda.gov,Oyoloo,Hybrid,Standard,22151,3134,43,53266,457,73,0,0,0,0,0,0,0
390,22/2/2018,1/2/2019,Korry Pelz,6894910144,kpelzat@cbslocal.com,Browseblab,Corporate,Premium,49169,4177,33,54893,320,63,5,0,0,0,0,0,0
391,11/6/2018,30/7/2018,Jaquenetta Stacy,1993729126,jstacyau@ocn.ne.jp,Voomm,Hybrid,Excelium,49309,1073,38,54953,371,97,3,0,0,0,0,0,0
392,18/10/2016,5/1/2019,Kerianne Fish,9405397083,kfishav@seesaa.net,Innotype,Residential,Excelium,25873,4345,11,43785,363,60,5,0,0,0,0,0,0
393,5/7/2017,26/7/2018,Phil Moreman,8555105824,pmoremanaw@smugmug.com,Rhycero,Commercial,Standard,19430,3346,42,38263,387,41,3,0,0,0,0,0,0
394,27/9/2017,3/11/2018,Andros Phelp,3628782018,aphelpax@nydailynews.com,Fivebridge,Hybrid,Premium,49649,4368,8,11274,144,80,3,0,0,0,0,0,0
395,17/1/2019,28/5/2018,Virge Craggs,5297697769,vcraggsay@goo.gl,Meevee,Hybrid,Excelium,15533,4262,14,51299,448,28,2,0,0,0,0,0,0
396,16/5/2018,19/10/2018,Vasily Fernely,9215697566,vfernelyaz@telegraph.co.uk,Oloo,Corporate,Premium,14732,1329,28,20802,397,28,0,0,0,0,0,0,0
397,31/12/2016,20/8/2018,Nilson Bayston,1114226848,nbaystonb0@dyndns.org,Latz,Hybrid,Premium,46838,3046,31,10735,107,72,2,0,0,0,0,0,0
398,6/3/2017,20/9/2018,Shirley Collicott,2663051262,scollicottb1@virginia.edu,Centidel,Residential,Excelium,43556,2448,2,26054,475,22,5,0,0,0,0,0,0
399,24/12/2016,4/7/2018,Stefano Wapple,4725992615,swappleb2@whitehouse.gov,Kanoodle,Corporate,Excelium,49058,4061,30,8798,102,66,1,0,0,0,0,0,0
400,21/7/2017,20/3/2018,Hughie Osgardby,7494965991,hosgardbyb3@webnode.com,Rooxo,Corporate,Standard,6489,3158,13,3884,19,8,0,0,0,0,0,0,0
401,26/1/2017,4/4/2018,Travus Roullier,3422095885,troullierb4@google.com,Skiba,Commercial,Excelium,10479,1082,24,50173,60,54,2,0,0,0,0,0,0
402,6/5/2017,4/4/2018,Paolo Rubinov,9868389753,prubinovb5@un.org,Skinder,Corporate,Premium,21506,2594,37,18918,448,100,2,0,0,0,0,0,0
403,3/4/2017,23/1/2019,Johnna Kisar,6829244580,jkisarb6@bing.com,Quire,Residential,Standard,15538,1803,27,30553,367,4,4,0,0,0,0,0,0
404,6/7/2018,2/6/2018,Mitchael Styche,7543134304,mstycheb7@about.me,Wordify,Commercial,Excelium,36013,4055,5,24678,409,100,2,0,0,0,0,0,0
405,19/4/2018,1/1/2019,Sonya Hanner,9919172454,shannerb8@furl.net,Oyonder,Hybrid,Excelium,28323,2122,49,25016,387,78,1,0,0,0,0,0,0
406,10/3/2019,25/3/2018,Marcia Colmer,7853959427,mcolmerb9@bravesites.com,Flashdog,Commercial,Standard,8371,1893,25,26096,466,9,5,0,0,0,0,0,0
407,31/5/2018,10/12/2018,Elly Shaves,3844580986,eshavesba@addthis.com,Flashdog,Corporate,Standard,31158,3915,27,51098,332,18,5,0,0,0,0,0,0
408,19/2/2019,1/5/2018,Kristian Pester,7397493250,kpesterbb@rakuten.co.jp,Tazzy,Corporate,Standard,20045,3278,16,20431,470,100,3,0,0,0,0,0,0
409,28/4/2018,9/1/2019,Hilda Charsley,5069080946,hcharsleybc@utexas.edu,Wordify,Residential,Premium,2331,3613,10,15692,500,24,0,0,0,0,0,0,0
410,4/11/2017,18/4/2018,Kienan Van der Velde,7394164803,kvanbd@themeforest.net,Trudeo,Corporate,Standard,38244,1300,46,33820,90,97,5,0,0,0,0,0,0
411,2/11/2018,23/7/2018,Virgina Lawey,7604515962,vlaweybe@tmall.com,Livefish,Commercial,Premium,41195,3864,17,27739,88,6,1,0,0,0,0,0,0
412,6/3/2017,14/3/2018,Sully Delahunt,6306244282,sdelahuntbf@discuz.net,Topdrive,Residential,Standard,49041,1868,35,41754,204,6,0,0,0,0,0,0,0
413,27/6/2016,2/8/2018,Stefan Suttle,3325848263,ssuttlebg@histats.com,Quamba,Hybrid,Premium,18469,1849,26,43578,324,76,4,0,0,0,0,0,0
414,11/2/2017,4/3/2019,Lillis Escolme,7496047590,lescolmebh@deviantart.com,Oyoloo,Corporate,Premium,7264,2065,10,19648,214,14,3,0,0,0,0,0,0
415,17/7/2017,31/1/2019,Wheeler Dungay,1656251648,wdungaybi@google.nl,Feedmix,Corporate,Premium,48048,4714,37,27964,313,11,3,0,0,0,0,0,0
416,6/11/2016,7/5/2018,Shay Birdsey,7803323609,sbirdseybj@blinklist.com,Meejo,Residential,Excelium,45179,3738,40,3223,46,97,0,0,0,0,0,0,0
417,22/6/2016,21/6/2018,Dame Staggs,1295911391,dstaggsbk@vkontakte.ru,Mydeo,Corporate,Premium,33014,2438,7,2688,171,80,0,0,0,0,0,0,0
418,18/8/2016,28/6/2018,Lexy Ellick,2043631702,lellickbl@usnews.com,Plambee,Commercial,Excelium,45785,1834,7,46533,233,15,1,0,0,0,0,0,0
419,18/2/2017,14/3/2018,Kort DAgostino,8783024666,kdagostinobm@trellian.com,Mydeo,Commercial,Standard,42640,2014,41,30324,129,66,2,0,0,0,0,0,0
420,7/6/2017,22/4/2018,Brena Keighley,8255963188,bkeighleybn@omniture.com,Skimia,Corporate,Premium,46741,4295,31,48340,266,57,1,0,0,0,0,0,0
421,10/11/2017,11/7/2018,Leo Parysiak,3915769175,lparysiakbo@oracle.com,Twimbo,Residential,Standard,44537,1727,17,48353,438,92,1,0,0,0,0,0,0
422,28/4/2018,16/9/2018,Joyan Pughe,4282583812,jpughebp@admin.ch,Divavu,Corporate,Premium,38312,845,25,48130,364,25,0,0,0,0,0,0,0
423,30/10/2018,6/5/2018,Cristy Warhurst,5899679547,cwarhurstbq@cloudflare.com,Yadel,Commercial,Excelium,15501,4391,49,31067,472,40,4,0,0,0,0,0,0
424,30/6/2018,3/11/2018,Jo-ann Tonn,3026464341,jtonnbr@google.com.hk,Quinu,Hybrid,Premium,17087,2390,10,37024,293,90,2,0,0,0,0,0,0
425,15/11/2016,2/12/2018,Myranda Tatterton,4724462032,mtattertonbs@auda.org.au,Plajo,Hybrid,Standard,23973,3373,17,34802,489,97,4,0,0,0,0,0,0
426,8/1/2019,5/2/2019,Robby Brenard,8868189577,rbrenardbt@weather.com,Mynte,Corporate,Standard,28932,2726,50,36422,370,38,0,0,0,0,0,0,0
427,20/10/2017,30/10/2018,Wilhelmina Cathesyed,1776291622,wcathesyedbu@gmpg.org,Devcast,Corporate,Premium,41348,4613,28,21669,473,41,1,0,0,0,0,0,0
428,26/9/2016,15/12/2018,Peirce Bradie,7092050904,pbradiebv@nasa.gov,Gigabox,Hybrid,Standard,26559,1762,24,15291,37,34,4,0,0,0,0,0,0
429,14/12/2017,21/8/2018,Fredra Hyman,4182497468,fhymanbw@stumbleupon.com,Wikizz,Commercial,Premium,4610,2333,19,34097,382,84,1,0,0,0,0,0,0
430,18/6/2016,20/10/2018,Mackenzie Mary,2973592200,mmarybx@theglobeandmail.com,Jazzy,Hybrid,Excelium,3750,3384,47,25616,251,49,4,0,0,0,0,0,0
431,22/12/2018,30/12/2018,Horacio Fessby,2744893741,hfessbyby@accuweather.com,Gabtype,Commercial,Standard,17812,2727,3,15820,321,43,2,0,0,0,0,0,0
432,30/3/2018,11/10/2018,Salvatore Coda,2038767590,scodabz@npr.org,Jaloo,Corporate,Standard,42358,894,41,54647,484,6,0,0,0,0,0,0,0
433,29/7/2017,4/9/2018,Florinda Gorgen,6402614581,fgorgenc0@a8.net,JumpXS,Hybrid,Premium,42354,1099,27,23416,202,75,0,0,0,0,0,0,0
434,29/8/2016,14/3/2018,Luciano Bohlens,7879550580,lbohlensc1@illinois.edu,Zoonder,Commercial,Standard,48875,599,14,17849,155,58,5,0,0,0,0,0,0
435,21/10/2018,26/9/2018,Roxi Pullar,5843402718,rpullarc2@furl.net,Janyx,Commercial,Standard,5916,3310,9,36213,470,8,4,0,0,0,0,0,0
436,31/3/2018,20/8/2018,Brina Cutcliffe,1354329759,bcutcliffec3@behance.net,Katz,Hybrid,Standard,34805,4014,27,7398,163,15,3,0,0,0,0,0,0
437,8/1/2017,27/2/2019,Ivette DeSousa,3673462770,idesousac4@independent.co.uk,Dabvine,Corporate,Premium,35527,3732,40,17294,181,71,0,0,0,0,0,0,0
438,19/5/2018,6/1/2019,Ruperta Dowgill,1082286217,rdowgillc5@google.de,Leenti,Residential,Excelium,46189,3789,11,47873,375,73,3,0,0,0,0,0,0
439,17/10/2017,16/8/2018,Darlene Moreno,2621134086,dmorenoc6@blogger.com,Realbridge,Commercial,Premium,21660,4460,30,9280,151,35,4,0,0,0,0,0,0
440,17/10/2016,26/6/2018,Penelope Buckleigh,2425457478,pbuckleighc7@trellian.com,Rhyloo,Commercial,Excelium,3123,4927,15,38875,488,40,4,0,0,0,0,0,0
441,21/5/2016,12/1/2019,Wendall Hardman,6528031118,whardmanc8@discovery.com,Oyoloo,Commercial,Excelium,41077,826,46,42290,189,27,2,0,0,0,0,0,0
442,2/12/2016,16/1/2019,Hayyim Haldenby,5332480707,hhaldenbyc9@so-net.ne.jp,Abatz,Commercial,Excelium,6120,1376,26,14925,182,4,4,0,0,0,0,0,0
443,3/12/2016,15/6/2018,Phillipe Alleway,7874752886,pallewayca@smh.com.au,Twimbo,Hybrid,Premium,43239,2994,23,19595,151,29,5,0,0,0,0,0,0
444,19/7/2018,3/4/2018,Hynda Bilfoot,5908303434,hbilfootcb@fc2.com,Buzzdog,Corporate,Standard,12629,2689,18,39978,238,35,0,0,0,0,0,0,0
445,15/1/2019,22/1/2019,Batsheva Sarsfield,9102342637,bsarsfieldcc@studiopress.com,Skimia,Hybrid,Standard,48983,1092,46,43835,367,67,5,0,0,0,0,0,0
446,14/7/2016,29/10/2018,Russell MacAne,3421371256,rmacanecd@kickstarter.com,Oyoloo,Commercial,Excelium,29784,3171,44,24894,109,53,3,0,0,0,0,0,0
447,12/1/2019,26/6/2018,Terra Garnsey,1744966803,tgarnseyce@fema.gov,Fatz,Residential,Excelium,10633,2108,32,3227,127,56,1,0,0,0,0,0,0
448,13/8/2017,21/12/2018,Hobart Lesek,5666942421,hlesekcf@behance.net,Mynte,Hybrid,Premium,15335,3218,19,1917,403,97,3,0,0,0,0,0,0
449,4/4/2017,27/2/2019,Beatrice Hryniewicki,6272633210,bhryniewickicg@topsy.com,Mydo,Residential,Standard,33122,720,35,51815,391,83,1,0,0,0,0,0,0
450,22/7/2018,13/5/2018,Ellwood Tomkins,1851947400,etomkinsch@plala.or.jp,Oyondu,Residential,Premium,10252,4737,48,19008,267,10,2,0,0,0,0,0,0
451,25/5/2017,8/9/2018,Abigail Hevner,6583055621,ahevnerci@cmu.edu,Oloo,Residential,Standard,31837,4007,41,47360,441,8,3,0,0,0,0,0,0
452,20/6/2018,22/7/2018,Edgardo Backshill,3532708010,ebackshillcj@tiny.cc,Voomm,Corporate,Excelium,23650,1396,49,17769,160,22,2,0,0,0,0,0,0
453,15/12/2016,25/11/2018,Terrence Fuggle,8658551977,tfuggleck@state.gov,Plajo,Commercial,Excelium,14470,3242,18,12293,2,63,2,0,0,0,0,0,0
454,12/6/2016,30/6/2018,Leanora McSaul,3779702255,lmcsaulcl@vistaprint.com,Brainverse,Commercial,Premium,32820,4961,14,9037,51,98,1,0,0,0,0,0,0
455,4/12/2016,30/6/2018,Marney Reubbens,9364995277,mreubbenscm@sphinn.com,Wikizz,Residential,Premium,3135,1831,31,41243,298,70,1,0,0,0,0,0,0
456,2/2/2017,19/3/2018,Laurent Dyzart,9657127344,ldyzartcn@hibu.com,Jabberstorm,Corporate,Premium,14490,1863,12,10148,309,78,0,0,0,0,0,0,0
457,9/3/2018,29/9/2018,Astra Mickelwright,1328350197,amickelwrightco@quantcast.com,Twinder,Hybrid,Excelium,15835,1178,1,17485,255,19,2,0,0,0,0,0,0
458,8/11/2016,3/3/2019,Ilene Heisham,1035555469,iheishamcp@reverbnation.com,Skipfire,Residential,Standard,42589,2884,50,5054,28,94,0,0,0,0,0,0,0
459,27/2/2017,30/9/2018,Merlina Bristowe,9411917544,mbristowecq@zdnet.com,Tambee,Corporate,Standard,29021,1397,7,35868,37,99,4,0,0,0,0,0,0
460,24/9/2016,16/1/2019,Charline Damato,1273311243,cdamatocr@wix.com,Yotz,Commercial,Excelium,7920,728,19,32959,488,14,4,0,0,0,0,0,0
461,2/11/2017,17/8/2018,Jimmy Phair,2547059320,jphaircs@wunderground.com,Layo,Hybrid,Premium,7139,3762,4,14191,95,99,3,0,0,0,0,0,0
462,2/7/2017,31/10/2018,Lenora Laidlow,1521050442,llaidlowct@census.gov,Geba,Residential,Excelium,4908,3328,24,50656,182,14,0,0,0,0,0,0,0
463,15/3/2016,26/1/2019,Aldus Hannabus,5582495007,ahannabuscu@privacy.gov.au,Bubblemix,Hybrid,Standard,5734,2235,37,24789,311,57,5,0,0,0,0,0,0
464,10/2/2018,16/12/2018,Liva Vivers,1692473308,lviverscv@dion.ne.jp,Babbleopia,Residential,Excelium,20079,2026,39,43613,335,80,2,0,0,0,0,0,0
465,10/10/2016,29/5/2018,Ber Le Maitre,1641108688,blecw@tinypic.com,Wikizz,Residential,Standard,12604,3808,34,41513,36,78,5,0,0,0,0,0,0
466,14/8/2018,9/9/2018,Florance Kroon,7938272910,fkrooncx@wired.com,Zoonoodle,Hybrid,Premium,22171,1435,3,43916,31,54,4,0,0,0,0,0,0
467,23/11/2016,7/7/2018,Consuelo Salmons,4041381691,csalmonscy@sun.com,Jaxworks,Residential,Premium,44354,2429,4,4536,38,92,4,0,0,0,0,0,0
468,1/9/2018,23/9/2018,Gaby Parnby,6193711624,gparnbycz@list-manage.com,Nlounge,Hybrid,Excelium,16461,883,14,3101,192,69,4,0,0,0,0,0,0
469,2/2/2019,8/12/2018,Lynne Grimmett,3483197564,lgrimmettd0@usatoday.com,Thoughtbridge,Residential,Standard,30469,3003,34,24647,440,86,2,0,0,0,0,0,0
470,20/12/2016,27/6/2018,Dulsea Boylin,2651845360,dboylind1@gnu.org,Wordify,Corporate,Standard,7642,2581,10,28774,485,28,4,0,0,0,0,0,0
471,6/6/2016,26/9/2018,Carena Mettrick,1263004636,cmettrickd2@mapquest.com,Linkbuzz,Residential,Excelium,8217,1991,22,12152,442,30,5,0,0,0,0,0,0
472,28/8/2017,5/6/2018,Chrystel Itzchaky,7167192898,citzchakyd3@cargocollective.com,Tambee,Hybrid,Premium,33059,3294,14,35464,422,53,0,0,0,0,0,0,0
473,30/7/2018,30/7/2018,Clarey Artingstall,7704489039,cartingstalld4@taobao.com,Meeveo,Hybrid,Excelium,9802,3349,7,41793,150,69,1,0,0,0,0,0,0
474,11/5/2018,11/7/2018,Mei Acres,3644337071,macresd5@ft.com,Twitterbeat,Residential,Excelium,2386,2889,2,33966,36,76,5,0,0,0,0,0,0
475,29/4/2018,26/1/2019,Isa Kimberly,4513184619,ikimberlyd6@wikispaces.com,Kwideo,Commercial,Premium,36953,502,31,27599,20,34,2,0,0,0,0,0,0
476,28/1/2017,27/5/2018,Claiborne Pagram,6383157778,cpagramd7@topsy.com,DabZ,Corporate,Standard,47935,1733,23,24742,352,28,1,0,0,0,0,0,0
477,26/5/2017,28/3/2018,Queenie Pagnin,9329393711,qpagnind8@cnet.com,Rhynoodle,Residential,Premium,32741,1711,39,6907,307,26,0,0,0,0,0,0,0
478,3/12/2016,18/9/2018,Jedidiah Ricciardi,7295272598,jricciardid9@godaddy.com,Gabspot,Hybrid,Standard,8291,3081,19,35012,484,44,5,0,0,0,0,0,0
479,6/7/2017,30/6/2018,Micaela Aliberti,4378351932,malibertida@jiathis.com,Skynoodle,Residential,Standard,2257,1433,50,24509,117,10,2,0,0,0,0,0,0
480,3/11/2018,6/5/2018,Debby Turnor,4198979151,dturnordb@slate.com,Thoughtmix,Residential,Standard,36339,3396,32,44579,385,74,0,0,0,0,0,0,0
481,27/5/2018,22/3/2018,George Lapslie,3856265870,glapsliedc@slate.com,Linktype,Residential,Standard,47433,1526,24,18084,254,47,0,0,0,0,0,0,0
482,4/9/2018,13/8/2018,Salvidor Locker,9969181528,slockerdd@people.com.cn,Pixope,Commercial,Excelium,32173,3221,18,12010,334,56,1,0,0,0,0,0,0
483,18/1/2019,23/2/2019,Barnie Candey,4542815835,bcandeyde@patch.com,Skyble,Corporate,Premium,20248,3329,38,25003,77,75,5,0,0,0,0,0,0
484,14/7/2016,3/5/2018,Alexandro Redmile,5029226185,aredmiledf@cocolog-nifty.com,Kanoodle,Commercial,Standard,17662,3851,29,34033,468,86,0,0,0,0,0,0,0
485,2/2/2017,19/12/2018,Lauraine Corcut,5193171137,lcorcutdg@paginegialle.it,Flashspan,Commercial,Standard,6438,1927,42,14647,39,66,3,0,0,0,0,0,0
486,27/5/2017,17/12/2018,Ki Fuke,9711231328,kfukedh@example.com,Lajo,Hybrid,Standard,42953,4103,2,15327,12,95,1,0,0,0,0,0,0
487,14/1/2019,28/1/2019,Pernell Spindler,4908918114,pspindlerdi@soup.io,Linkbuzz,Hybrid,Premium,37135,3427,5,36902,32,75,3,0,0,0,0,0,0
488,27/2/2019,16/1/2019,Aylmar Woodroff,2887475990,awoodroffdj@chronoengine.com,Feednation,Hybrid,Excelium,48335,1879,43,39089,474,80,2,0,0,0,0,0,0
489,30/4/2016,9/2/2019,Susanne Bolesma,2024286355,sbolesmadk@is.gd,Realmix,Commercial,Standard,23583,4957,13,27412,120,33,0,0,0,0,0,0,0
490,19/4/2016,30/4/2018,Andrea Lothean,9797222350,alotheandl@php.net,Flipbug,Commercial,Premium,9935,3283,19,8213,358,65,5,0,0,0,0,0,0
491,30/4/2016,13/2/2019,Ginny Methley,9075949450,gmethleydm@marketwatch.com,Roomm,Corporate,Standard,13324,760,48,5191,488,55,5,0,0,0,0,0,0
492,30/10/2018,12/6/2018,Genna Bumford,2647756112,gbumforddn@npr.org,Aibox,Residential,Standard,9462,2879,15,46867,386,69,2,0,0,0,0,0,0
493,7/5/2018,1/12/2018,Charisse Donnachie,9353976314,cdonnachiedo@cnbc.com,Skivee,Residential,Premium,48343,3632,12,28765,216,97,1,0,0,0,0,0,0
494,21/12/2017,7/7/2018,Larry Husband,2361288607,lhusbanddp@google.com.au,Blogspan,Commercial,Excelium,6757,3821,40,23808,183,22,4,0,0,0,0,0,0
495,24/7/2017,19/4/2018,Jimmy London,1635538853,jlondondq@ucoz.ru,Oba,Commercial,Standard,45729,2655,15,31128,185,41,2,0,0,0,0,0,0
496,27/5/2016,8/10/2018,Dot Henlon,1019709326,dhenlondr@google.nl,Flipbug,Hybrid,Excelium,18403,2255,16,43519,257,94,2,0,0,0,0,0,0
497,10/2/2018,25/4/2018,Robert Cleyne,6329818055,rcleyneds@icio.us,Cogilith,Corporate,Premium,38540,784,48,53424,180,29,1,0,0,0,0,0,0
498,25/10/2017,8/6/2018,Rebeka Clell,1957791171,rclelldt@census.gov,JumpXS,Hybrid,Standard,13924,1919,34,52346,172,81,2,0,0,0,0,0,0
499,4/6/2018,5/1/2019,Emmie Dimblebee,5075423270,edimblebeedu@microsoft.com,Fivespan,Residential,Excelium,46862,743,23,38853,375,65,3,0,0,0,0,0,0
500,10/8/2018,26/5/2018,Reuben Mayfield,4282869736,rmayfielddv@taobao.com,Realblab,Commercial,Standard,20591,1184,20,26325,344,39,2,0,0,0,0,0,0
